Temperature,Humidity,Occupancy,AC_Hours,Appliance_Hours,Day_Type
21.34,55.11,1,7.53,19.39,0
30.98,65.86,6,14.2,13.98,0
44.19,38.12,2,10.37,7.15,1
19.05,58.08,6,0.95,8.46,0
21.64,22.6,7,9.97,4.67,0
37.11,37.93,1,7.48,7.44,0
21.88,81.57,2,14.38,19.4,0
24.19,29.03,1,9.62,11.96,0
36.87,67.8,1,1.06,2.02,0
23.92,31.38,4,1.26,4.93,0
28.11,57.72,2,4.05,4.78,0
43.87,33.45,3,13.89,7.18,1
26.06,70.64,5,5.54,15.01,1
30.38,89.66,2,2.49,14.34,0
40.8,91.59,4,13.37,14.75,0
20.45,68.6,2,12.23,5.22,1
21.96,90.09,4,10.08,14.34,0
28.38,60.6,2,10.45,4.36,0
34.56,33.44,4,10.06,16.3,0
39.97,43.01,6,11.32,10.96,1
38.59,80.38,5,13.55,9.87,1
17.74,77.17,1,11.06,13.55,0
33.19,60.82,1,4.99,11.27,0
40.23,37.52,4,9.15,18.42,0
36.08,23.68,6,5.08,3.5,0
27.33,63.49,3,15.35,5.95,1
22.27,23.0,1,7.84,8.68,0
19.27,29.51,4,10.0,8.71,0
31.2,90.93,6,8.21,8.48,0
36.77,24.68,4,2.69,6.15,1
20.17,61.45,4,13.76,2.11,0
25.44,53.97,1,13.55,4.89,0
36.39,33.82,2,8.5,13.67,0
32.32,58.64,3,14.54,7.77,0
34.32,46.22,1,2.51,12.24,0
44.62,25.33,6,1.78,11.61,0
22.79,88.69,3,1.08,7.09,0
33.66,94.21,1,14.36,12.64,1
24.09,68.26,5,14.9,14.86,0
20.59,26.12,4,0.58,9.25,0
19.42,75.62,3,5.75,9.27,1
43.34,45.06,5,3.5,16.26,0
44.63,71.87,4,0.42,4.91,1
23.14,46.65,5,14.6,15.2,1
23.66,20.85,3,14.47,2.53,0
42.46,42.3,3,15.64,18.18,0
24.13,36.54,1,0.38,17.6,0
43.21,81.64,6,5.3,9.43,0
26.77,69.64,2,10.18,6.27,0
34.78,51.3,6,9.85,14.64,1
22.01,91.72,4,7.4,13.19,1
17.92,87.18,4,14.64,1.05,0
23.24,74.08,1,13.37,6.31,0
38.45,44.51,2,12.31,16.03,0
20.87,82.43,4,9.3,10.99,0
27.93,20.68,4,4.3,1.99,0
39.87,47.04,3,0.49,1.73,1
44.64,44.07,7,0.24,10.53,0
29.28,49.83,4,10.99,16.45,1
20.38,21.0,5,13.32,6.05,1
25.06,55.8,2,2.43,5.26,0
34.39,34.12,4,15.99,18.15,1
43.65,63.39,7,15.89,11.32,0
15.34,57.53,1,3.18,5.0,1
37.38,67.7,6,2.15,6.2,1
43.25,92.06,1,8.59,8.94,1
29.79,31.0,7,10.32,9.73,0
35.9,52.43,7,6.55,12.18,1
27.04,24.18,7,0.36,12.38,0
32.47,68.42,1,7.21,9.93,1
18.42,86.56,1,0.19,13.0,0
32.41,75.1,3,6.28,9.87,0
37.09,92.73,6,7.83,14.47,1
31.24,22.28,7,7.84,2.58,1
33.6,33.85,6,0.89,3.93,0
42.79,78.19,3,6.12,12.46,1
18.76,57.94,3,6.81,9.43,1
43.38,25.26,4,12.87,10.69,1
16.56,75.28,5,1.7,3.76,0
21.18,25.76,5,11.51,5.3,0
15.35,65.24,6,8.37,19.6,0
24.94,23.76,2,14.63,16.43,1
16.08,21.5,7,3.6,13.42,0
22.79,59.89,4,6.39,13.25,0
21.86,31.02,1,2.08,16.75,0
38.8,43.66,7,10.38,8.87,0
27.91,69.36,7,10.85,13.9,1
37.12,84.31,3,2.56,8.29,0
24.74,94.41,5,10.74,8.37,0
17.36,80.23,1,8.95,3.02,1
15.7,43.21,5,13.24,7.71,0
43.72,26.11,4,5.38,7.43,0
36.82,81.98,5,4.73,1.33,0
22.7,52.23,5,0.24,18.78,0
19.55,54.8,5,10.66,17.83,1
18.73,57.55,3,9.74,12.58,0
18.33,35.36,2,5.92,7.19,1
19.8,34.42,2,10.0,13.88,0
27.09,92.11,6,1.51,15.02,0
17.64,85.39,1,4.01,13.92,0
36.03,49.19,7,10.76,4.08,0
44.9,83.29,4,1.11,3.92,0
15.73,91.99,3,11.09,4.56,0
25.86,39.32,4,9.74,14.44,1
17.31,66.0,6,13.68,13.45,0
43.52,55.37,2,1.27,15.79,0
31.07,57.7,5,6.22,19.28,0
23.6,87.63,3,1.63,5.22,0
40.53,65.42,6,9.67,2.76,0
28.48,72.61,5,4.02,6.95,0
32.16,56.2,4,5.21,5.23,0
16.0,45.91,3,13.63,2.61,0
21.97,20.52,5,11.89,3.71,1
35.5,63.92,7,13.43,7.04,0
26.64,44.06,6,7.78,14.5,0
17.2,60.6,5,12.79,17.14,0
35.6,42.74,3,10.28,13.52,1
38.98,26.26,1,14.5,8.26,0
33.97,71.29,1,15.89,10.97,0
41.02,78.49,1,11.58,19.78,0
19.53,66.02,4,1.01,10.84,1
15.33,94.57,1,15.84,17.55,1
25.22,38.3,2,10.7,11.77,0
34.48,31.72,6,3.17,6.32,0
39.44,78.76,1,13.96,10.69,0
15.9,41.05,2,2.97,9.04,0
37.85,24.8,5,5.26,19.82,0
41.3,61.55,7,6.83,10.1,0
19.26,57.37,6,2.06,6.17,0
26.94,48.48,4,11.94,19.82,0
31.92,44.0,4,8.34,10.19,0
30.18,34.75,1,7.28,11.14,0
34.36,66.22,2,12.56,1.62,1
40.45,69.98,5,4.87,18.79,0
34.49,45.6,4,3.5,4.05,0
41.82,35.81,2,2.58,8.7,0
15.94,26.95,7,9.39,13.07,1
35.88,69.63,7,9.77,4.63,0
44.13,81.95,5,6.82,18.65,0
32.35,70.57,4,0.33,2.23,0
41.3,52.54,6,6.71,2.35,0
37.28,64.1,4,9.3,11.92,0
44.7,58.09,3,6.57,17.79,0
33.54,63.38,7,8.56,1.03,0
26.94,79.73,3,6.11,7.61,0
25.48,57.92,4,10.71,9.24,0
24.46,82.06,3,4.74,10.81,1
37.63,30.82,1,11.36,12.37,0
41.6,28.94,6,14.2,16.03,1
19.13,71.39,6,7.73,11.1,1
39.5,33.11,3,11.48,6.03,1
29.75,86.68,1,5.73,9.54,0
25.5,22.09,7,4.71,16.51,0
22.7,41.25,6,4.2,6.69,0
42.19,50.18,4,10.22,6.31,1
23.72,48.71,6,9.97,9.85,0
33.17,23.77,3,8.0,14.45,0
33.88,31.53,6,12.12,11.81,0
20.62,71.23,1,13.42,7.58,0
23.12,33.63,4,12.42,7.37,0
32.12,80.31,4,2.11,6.26,0
36.43,79.26,2,1.12,2.37,1
38.17,62.26,2,5.12,12.28,0
43.9,70.02,6,11.63,11.83,0
15.53,69.24,5,3.28,14.58,0
37.43,76.78,1,13.49,9.93,0
43.92,48.97,1,3.21,8.16,0
37.83,83.03,1,12.24,17.23,1
21.97,72.25,1,7.29,8.13,1
21.21,22.95,4,5.9,12.73,1
19.47,61.0,1,9.0,2.83,0
19.6,36.1,2,12.59,3.08,1
39.11,43.85,7,2.48,5.05,0
35.78,33.57,4,14.93,18.98,1
44.0,50.9,2,15.71,18.04,1
28.57,36.59,5,5.37,6.73,0
34.66,79.41,4,5.64,2.86,1
41.96,27.85,2,11.74,8.37,1
28.88,20.05,2,2.0,10.69,1
16.36,35.17,2,6.35,14.69,0
36.06,45.02,4,8.96,12.33,0
34.12,41.85,1,7.44,10.72,0
22.63,94.11,4,2.36,3.95,0
18.83,35.33,6,7.62,11.98,1
38.84,37.53,5,5.71,12.28,0
32.42,90.03,1,2.67,15.46,1
26.32,23.66,5,6.44,5.71,0
22.26,89.64,6,1.24,5.46,0
34.08,74.99,6,3.89,15.69,0
34.51,68.66,1,0.49,11.84,0
16.57,73.94,6,6.33,2.59,1
32.85,48.1,1,12.65,6.43,0
43.42,68.71,5,7.68,12.01,0
23.31,83.38,2,2.03,18.55,0
24.81,70.19,6,13.31,18.22,0
22.64,38.09,5,13.31,12.8,0
29.31,77.58,5,10.36,14.8,0
37.83,50.92,7,12.56,1.86,0
40.96,71.33,6,5.07,1.02,1
39.25,90.72,5,0.86,11.32,0
35.15,56.34,5,14.42,7.42,0
37.62,91.08,6,9.26,8.61,0
43.73,71.77,2,11.12,4.8,0
30.55,21.36,7,4.33,14.38,1
22.46,25.79,6,3.82,14.43,0
41.21,60.37,1,14.4,10.63,0
44.04,90.11,4,15.42,19.14,1
19.89,58.03,5,3.35,5.26,0
27.83,63.15,2,15.43,17.08,0
15.15,52.94,3,5.06,10.14,0
17.45,79.83,6,14.46,2.3,0
38.27,22.73,5,4.88,12.26,0
26.88,22.99,6,14.04,19.92,1
26.39,39.6,3,10.1,17.38,0
17.28,21.22,2,8.41,7.94,1
24.95,35.32,1,5.36,13.98,0
44.55,56.26,2,7.81,10.33,0
20.88,25.77,6,4.78,1.04,0
19.46,74.53,3,3.92,15.11,0
40.17,54.34,2,8.48,5.8,0
28.41,79.85,6,0.29,11.91,0
21.39,81.68,6,0.54,1.84,0
36.43,85.95,7,11.69,7.06,0
33.93,36.68,4,14.47,19.03,1
41.79,54.8,5,10.1,8.37,0
18.64,24.1,5,11.14,8.14,0
30.38,88.49,3,12.7,9.08,1
29.92,51.5,5,4.43,8.16,1
34.55,21.57,4,4.45,3.97,0
22.01,70.74,1,1.87,15.05,1
25.76,57.95,5,15.96,16.47,0
36.74,79.54,4,12.44,15.33,1
22.3,50.24,2,7.8,17.93,0
38.96,61.71,3,8.61,19.16,0
39.3,40.81,4,14.53,9.48,0
16.73,82.78,2,14.01,15.94,1
44.61,70.7,3,4.7,13.72,0
18.45,55.63,1,5.8,3.59,0
40.02,27.82,7,5.16,7.0,0
26.15,67.25,2,1.17,2.0,1
25.94,92.5,1,10.93,14.15,0
44.36,77.89,3,15.21,17.82,0
41.66,47.17,1,8.71,8.21,0
21.11,82.56,3,9.5,3.07,0
23.22,76.8,7,7.66,2.03,0
20.54,70.46,7,4.55,9.8,1
36.68,68.29,5,15.5,9.23,0
44.2,21.93,4,0.45,14.72,0
22.76,45.22,4,6.91,1.0,1
21.9,26.09,6,7.69,2.15,1
26.96,41.42,1,8.52,4.21,0
15.71,50.8,4,7.48,12.87,0
19.87,61.94,3,13.04,19.18,0
40.8,66.75,4,15.03,7.9,0
39.87,83.16,2,11.27,15.69,0
38.87,79.37,2,15.38,16.88,0
16.45,49.7,4,3.06,17.09,0
25.24,20.48,2,12.64,11.45,0
29.17,33.44,1,6.97,19.81,1
37.83,65.32,6,10.39,18.04,1
28.74,30.6,1,2.31,15.61,0
31.83,57.91,6,13.05,17.75,0
29.95,54.43,2,15.51,11.76,0
22.36,22.15,6,2.37,12.0,1
35.03,37.24,4,10.24,6.65,0
43.99,37.91,2,6.47,18.25,0
32.29,81.41,4,4.22,16.2,1
17.38,65.24,3,8.44,13.74,0
44.01,21.05,6,0.36,2.39,0
15.71,30.79,3,10.56,4.84,0
17.55,45.64,4,7.99,4.39,1
43.49,83.55,6,5.47,14.23,0
38.14,91.01,7,15.27,8.16,1
41.31,42.04,3,15.77,19.36,0
29.95,94.97,5,11.26,18.8,0
44.1,40.14,3,1.63,11.33,1
35.86,46.61,2,14.0,13.51,0
23.77,85.22,3,10.19,5.72,0
33.1,75.13,1,3.87,14.65,0
27.95,22.28,3,1.01,5.16,1
29.97,29.03,3,13.66,3.49,0
20.44,26.12,1,3.46,1.15,0
19.45,74.65,1,5.76,12.69,1
24.09,73.81,1,12.94,16.42,1
36.4,76.27,2,0.72,3.19,0
37.98,68.72,5,14.31,1.89,0
31.01,21.8,7,4.66,2.91,1
33.05,37.57,5,8.66,14.74,0
28.64,40.78,1,11.02,15.89,0
29.43,37.02,4,1.5,4.01,0
31.11,26.74,6,13.47,17.67,0
17.19,40.93,1,12.81,18.13,0
44.74,83.71,4,8.83,18.02,0
36.19,89.61,2,1.69,5.55,1
35.85,94.68,1,10.59,9.06,0
40.01,91.5,3,2.1,13.21,1
16.1,46.6,2,2.8,14.76,1
29.49,82.93,7,6.41,6.4,0
24.62,89.53,6,1.5,11.56,0
24.76,91.36,2,3.68,6.13,0
38.98,30.73,7,11.27,3.82,1
39.39,40.88,4,5.76,7.03,0
20.91,81.48,1,8.51,1.61,0
20.55,39.82,4,15.72,5.95,0
37.83,33.51,7,3.0,16.23,0
44.63,49.39,6,10.65,16.62,0
31.95,50.24,5,4.49,1.7,0
32.04,87.18,1,8.16,14.28,0
31.4,49.82,5,13.87,5.79,0
36.93,39.58,2,6.72,13.06,0
26.24,30.46,1,5.46,16.88,0
26.09,35.44,5,5.41,1.05,0
16.91,79.84,5,12.32,1.95,0
15.88,62.43,4,8.96,5.58,0
30.35,54.37,4,13.95,17.01,0
17.17,48.74,4,15.95,14.81,1
19.98,38.73,1,13.17,19.45,0
37.46,29.39,1,1.29,9.31,0
24.24,46.25,3,10.15,18.54,0
38.56,48.04,7,10.79,12.62,1
36.04,87.31,5,0.24,14.25,0
40.48,74.93,3,7.12,19.42,1
15.27,89.66,7,4.84,19.7,1
38.95,83.25,4,14.61,14.09,0
25.44,76.73,5,9.28,4.25,0
39.54,32.11,7,13.26,18.35,1
26.06,43.68,5,6.38,13.99,0
18.12,43.41,5,6.36,13.72,0
28.38,32.1,5,13.54,6.11,1
39.57,63.17,6,13.91,11.75,0
34.3,40.4,2,11.69,11.41,0
35.3,30.5,2,12.33,12.68,1
19.06,68.63,1,8.0,12.59,0
41.34,85.95,6,13.0,16.66,1
18.43,92.49,5,14.28,3.86,1
16.08,24.02,1,12.84,3.81,0
34.69,26.56,1,11.26,8.94,0
32.79,65.07,7,9.33,4.78,1
18.65,91.08,6,9.31,8.81,0
36.95,23.02,6,8.97,19.2,1
26.63,26.85,4,15.6,16.66,1
21.47,25.56,1,6.38,8.51,0
39.52,85.64,4,2.0,14.22,0
42.43,32.02,5,7.99,19.07,0
43.21,51.18,3,14.62,18.59,1
29.67,55.63,7,1.01,15.8,0
29.78,47.11,7,11.17,6.87,0
44.19,53.52,1,1.76,17.22,0
44.95,53.78,7,9.24,5.15,1
44.24,48.57,5,14.84,3.06,0
33.46,32.59,7,0.23,3.95,0
41.04,74.4,3,10.64,17.7,0
30.09,36.12,2,0.16,5.21,0
38.44,71.88,6,7.38,1.52,1
43.53,43.08,7,12.75,15.66,1
33.78,38.11,6,2.45,13.37,1
22.3,34.72,1,0.89,2.28,1
27.23,23.7,2,11.42,4.5,0
24.82,54.97,7,8.44,7.08,0
42.59,64.66,3,8.7,3.12,0
21.19,27.52,7,7.76,8.23,0
18.2,94.74,3,14.95,10.75,1
25.89,58.29,5,9.72,9.25,0
18.77,62.34,3,2.52,14.34,1
34.64,34.42,4,4.9,6.88,0
40.93,24.27,4,2.72,1.37,0
16.18,84.37,1,4.01,17.49,1
35.37,52.25,5,0.17,4.66,0
31.53,70.73,4,4.78,12.7,0
39.47,62.29,2,6.67,3.48,0
21.27,75.63,4,7.17,13.39,0
16.76,45.64,7,5.97,17.05,0
28.52,70.55,6,3.96,1.02,1
41.1,83.79,1,3.98,13.15,0
39.51,23.34,6,2.13,8.39,0
23.26,79.55,2,5.0,5.81,1
42.32,33.55,3,3.75,12.65,0
18.63,88.22,2,8.19,3.67,0
25.57,44.46,3,12.46,12.87,0
19.58,90.37,5,7.73,16.27,0
32.5,63.26,3,9.74,7.15,0
43.9,76.61,4,13.84,19.08,0
40.52,77.17,5,3.96,13.75,1
28.86,28.9,6,10.64,17.71,0
24.12,90.15,3,13.8,7.33,0
29.27,83.36,1,14.26,18.66,1
19.18,67.65,1,2.09,7.22,0
25.47,94.26,7,0.49,9.53,0
33.2,93.77,3,5.7,18.78,1
16.96,33.64,5,4.17,1.6,0
15.24,90.21,3,5.23,17.65,0
18.3,54.42,5,7.54,15.67,0
20.22,38.52,5,4.55,6.18,1
44.15,93.78,4,2.88,16.0,0
25.73,87.44,4,10.65,15.84,1
39.19,79.69,5,9.06,7.46,1
26.68,84.35,2,10.87,8.0,0
41.43,83.84,7,1.57,9.89,0
25.64,70.54,6,6.97,14.53,0
21.61,67.53,7,10.44,18.57,0
16.64,66.72,5,0.1,3.68,1
17.33,86.46,6,14.37,6.23,1
44.52,35.77,3,1.78,1.81,0
37.14,76.38,6,7.31,17.86,0
20.2,67.43,4,10.28,5.8,0
42.07,32.69,6,3.07,17.77,0
32.75,41.82,2,10.64,2.24,0
22.55,20.81,7,2.23,3.12,0
31.76,47.82,1,11.5,17.77,1
17.56,80.29,7,6.42,17.35,0
34.54,58.97,3,9.45,8.45,0
27.9,78.63,4,1.73,12.33,0
34.12,44.09,6,11.57,1.59,0
29.2,77.49,1,12.19,3.23,0
42.18,24.9,1,2.62,1.42,1
31.61,82.73,3,13.81,19.08,1
18.05,61.34,7,5.45,8.29,0
20.25,47.69,6,1.54,4.55,0
34.73,58.62,5,1.81,2.07,0
21.03,44.87,5,14.15,17.07,0
24.03,72.01,3,5.82,8.64,0
42.93,24.47,6,7.02,2.43,1
17.51,24.0,1,1.46,7.65,0
42.19,84.09,2,1.18,10.98,0
25.81,85.78,7,5.66,13.39,0
24.33,72.59,3,4.31,13.25,0
31.63,87.35,1,14.35,4.2,0
33.09,49.47,1,9.5,3.2,0
34.91,22.45,5,5.71,7.42,0
20.46,21.65,3,6.88,9.7,0
28.39,80.75,2,15.66,16.39,0
33.09,65.55,3,14.31,10.7,1
29.77,49.83,4,0.66,5.8,0
15.92,25.02,5,1.0,3.67,0
19.94,31.14,2,0.23,17.0,0
21.84,54.39,3,3.51,11.83,0
18.62,36.4,5,1.69,15.67,0
28.92,62.33,2,10.28,7.11,0
23.83,74.63,3,14.31,2.47,0
15.13,33.99,4,0.13,4.76,0
26.07,62.81,5,7.45,7.26,1
38.94,51.63,7,4.69,10.64,1
25.21,83.12,6,7.91,9.25,1
15.14,47.19,5,4.57,13.26,0
31.29,46.98,7,5.33,7.38,0
20.55,62.9,6,1.02,13.39,0
30.18,64.65,5,13.35,14.12,0
27.96,25.13,1,5.47,16.17,0
28.13,43.09,1,2.71,2.79,1
23.21,26.45,6,8.04,2.95,0
38.84,45.57,6,9.35,18.71,0
23.09,88.22,1,15.27,1.91,1
44.51,52.64,2,15.99,1.3,1
43.55,27.27,2,0.5,15.72,1
16.04,51.56,7,11.57,14.79,0
30.22,45.19,6,11.24,9.22,0
27.65,66.92,2,1.71,5.67,0
27.35,40.76,5,2.96,16.59,1
26.65,79.72,4,8.88,1.25,0
18.13,34.45,3,3.52,7.76,0
31.16,34.62,3,3.79,5.64,0
39.68,37.33,1,14.29,13.28,0
26.96,55.54,7,13.76,3.05,1
35.65,27.15,5,10.04,19.7,0
23.07,28.64,1,11.1,8.63,0
28.79,76.41,4,0.95,17.32,1
19.27,45.88,7,9.22,7.99,0
43.7,22.0,6,0.92,8.72,0
30.21,62.44,6,15.18,3.15,0
17.87,43.44,3,15.5,8.68,0
24.76,71.01,1,12.81,8.81,1
28.78,44.59,2,6.56,4.92,1
20.6,21.87,6,13.27,14.77,0
36.17,68.11,2,6.79,3.47,0
15.21,91.36,3,10.88,11.45,0
40.22,37.81,4,12.27,13.67,0
38.92,27.76,2,13.37,14.44,0
40.67,59.85,7,1.27,18.82,0
43.92,43.46,4,1.54,9.01,0
24.69,25.15,4,9.43,2.36,0
41.32,39.47,7,1.82,2.13,0
37.44,31.68,6,13.23,1.37,0
27.25,90.94,6,0.13,9.1,0
28.25,62.25,5,6.44,3.21,0
28.91,69.43,6,12.97,19.96,0
27.71,87.3,6,8.21,5.1,0
44.43,69.71,6,14.11,18.67,1
15.11,70.31,5,13.0,5.66,0
29.45,24.65,5,8.51,9.02,1
21.0,42.22,2,14.84,18.63,0
30.05,81.6,5,10.99,2.33,0
41.71,51.75,3,12.34,1.15,0
27.64,67.61,2,10.39,8.22,0
24.71,82.01,5,13.61,12.96,0
29.54,80.39,3,0.72,5.92,0
17.37,22.88,5,12.75,9.43,0
38.13,76.72,2,3.43,14.39,1
20.98,43.56,2,9.11,13.46,0
38.16,52.19,1,11.39,4.69,0
29.4,86.74,3,8.56,1.35,0
41.78,38.63,5,8.45,11.43,0
34.71,87.3,2,3.49,7.01,0
23.3,73.23,4,11.88,12.7,1
25.14,33.76,5,4.15,15.31,0
19.85,93.6,5,1.43,18.91,0
26.52,90.85,5,14.16,18.54,1
33.93,90.56,4,7.98,11.87,1
18.08,45.62,3,11.44,5.18,1
31.24,42.93,2,9.58,5.58,0
21.8,88.19,4,15.16,9.75,0
28.21,54.17,3,11.5,2.48,0
36.78,36.51,3,3.3,18.01,0
43.29,33.43,1,14.11,15.36,0
42.02,36.54,2,8.23,8.94,0
26.57,35.82,6,7.64,6.71,0
43.49,47.86,6,6.99,18.19,0
21.41,29.92,7,8.17,14.0,0
25.71,37.74,5,0.14,12.1,1
42.3,77.0,2,4.59,6.82,0
18.66,21.8,1,10.87,5.41,1
17.54,44.03,3,15.34,8.11,0
43.83,50.58,7,4.11,7.02,0
35.0,81.56,6,11.43,2.13,1
23.81,71.65,5,7.72,14.11,0
22.57,67.05,5,14.08,10.38,0
18.62,94.44,3,14.91,17.85,1
28.97,49.09,1,5.53,11.38,0
39.15,36.41,1,10.35,1.23,1
16.55,52.51,2,4.81,10.91,0
39.39,33.08,1,8.02,9.85,0
37.93,84.05,4,15.66,19.63,0
31.28,40.06,2,10.12,6.93,0
15.76,54.34,5,0.39,2.67,0
36.67,76.43,7,10.09,13.08,0
29.28,27.3,1,0.12,1.3,0
33.72,25.07,6,9.0,16.7,1
28.36,48.71,2,1.63,15.68,0
38.84,58.94,7,15.5,16.69,0
39.41,22.25,3,11.63,18.7,1
27.05,91.6,5,13.77,6.49,0
41.01,78.83,6,13.19,13.81,1
41.04,50.73,2,8.91,12.09,0
18.33,48.88,1,14.74,4.55,0
39.2,31.19,4,13.18,4.12,0
42.45,89.94,3,5.72,17.0,1
27.85,70.38,1,1.03,9.9,1
17.14,81.12,7,3.84,14.08,0
28.16,51.06,5,14.89,11.67,0
19.22,92.76,3,14.11,7.05,1
34.1,85.69,1,15.21,6.82,0
23.9,34.26,2,3.48,13.03,0
30.58,75.55,5,10.35,14.21,1
43.19,88.19,1,4.94,5.99,0
18.24,52.52,1,5.8,19.03,0
18.03,51.4,5,2.38,6.77,1
19.66,50.99,4,5.0,1.44,0
32.71,22.95,6,12.8,9.71,0
29.63,52.28,5,2.61,10.64,1
40.94,52.98,3,10.95,5.34,0
30.98,89.06,7,13.35,19.32,1
34.8,60.17,3,5.19,13.69,0
17.04,63.39,3,0.33,2.82,0
39.95,87.35,6,6.6,12.74,0
40.05,33.59,4,14.84,11.0,0
26.73,25.34,4,14.57,7.46,1
15.23,30.08,5,11.26,5.1,0
42.5,39.56,7,4.84,19.57,0
17.15,92.51,4,11.95,4.73,1
23.47,64.8,5,7.66,18.4,0
25.93,41.43,4,8.7,14.01,0
31.17,88.61,7,4.1,15.18,0
22.19,38.63,4,6.88,4.9,0
15.29,24.39,5,9.01,2.34,0
41.78,61.83,1,6.28,2.0,0
39.44,92.61,6,15.76,8.93,1
35.41,87.68,4,13.44,18.08,0
17.57,50.4,7,14.47,8.13,0
26.77,51.3,4,6.05,3.69,0
25.99,44.93,5,9.28,10.35,0
16.17,20.65,7,3.07,6.43,0
22.13,81.86,6,9.77,15.14,0
28.6,65.89,1,5.26,19.01,0
20.44,88.63,5,8.18,8.57,0
27.5,29.74,2,15.53,11.21,0
32.51,35.91,4,14.32,6.4,0
39.38,93.58,4,9.15,2.37,1
43.57,37.92,3,7.95,12.24,0
19.18,40.37,5,1.53,8.63,1
39.0,39.94,3,14.19,16.88,0
26.42,79.35,5,6.2,8.4,0
19.74,62.82,7,8.03,8.15,1
17.35,69.25,7,0.17,9.85,0
30.61,42.68,5,0.56,5.77,1
30.52,90.57,3,6.41,14.66,0
35.69,71.9,5,0.48,7.6,0
30.49,47.94,4,5.38,13.65,0
31.28,80.27,1,15.86,10.61,0
18.45,45.88,5,8.37,6.64,0
38.86,47.72,5,7.27,14.42,0
42.23,41.19,3,3.33,15.3,1
33.73,86.34,5,15.25,18.7,1
38.15,24.25,6,9.18,9.02,0
20.57,44.85,6,14.0,17.05,1
22.78,62.98,3,10.18,12.44,0
35.67,35.31,5,14.64,6.23,0
39.67,36.83,7,6.66,15.35,0
40.33,91.17,7,6.85,16.65,0
30.34,55.58,4,8.08,2.62,0
34.91,93.04,5,6.67,3.25,0
21.37,46.47,5,7.4,19.64,0
27.26,82.05,5,8.61,10.99,0
28.53,23.78,4,1.72,14.54,0
25.73,88.39,6,5.66,2.19,0
16.36,83.94,6,0.07,8.48,0
15.83,23.87,3,10.34,18.57,0
17.74,23.03,4,5.41,17.89,1
23.67,52.41,1,3.38,18.1,0
28.04,85.83,4,13.49,14.68,1
21.66,74.89,4,9.47,5.99,0
34.16,74.77,2,15.43,6.28,0
43.11,32.62,6,10.12,17.14,0
41.4,45.44,5,15.64,6.18,0
33.87,22.34,4,11.97,1.21,1
40.72,47.51,6,13.81,5.06,0
37.98,47.26,2,6.58,3.79,0
16.8,77.35,1,2.79,8.77,0
34.87,55.59,5,9.97,3.49,1
31.56,63.55,2,7.68,13.09,0
17.81,26.27,7,15.97,17.31,0
21.61,21.03,3,1.39,15.37,0
42.52,88.26,2,6.98,11.02,1
33.03,70.55,1,9.07,6.09,0
39.24,51.38,6,8.87,5.87,0
27.27,56.3,6,6.05,1.3,0
41.63,66.85,2,0.58,4.88,0
17.42,31.49,6,3.19,3.07,0
22.48,52.58,6,15.25,3.56,0
27.33,35.88,7,4.29,8.44,0
29.92,63.83,4,10.58,10.71,0
41.88,38.57,2,14.49,11.77,0
40.37,46.02,2,9.89,2.88,0
32.4,53.2,6,6.06,17.83,1
36.25,72.55,5,8.5,19.19,0
25.36,91.04,1,11.28,12.82,1
33.89,40.11,4,6.83,9.23,0
24.17,61.17,7,1.28,11.79,0
41.14,85.81,4,2.01,4.79,1
29.24,71.32,1,6.36,6.69,0
36.54,55.37,4,8.33,9.87,1
37.85,62.62,4,11.65,13.35,0
33.67,93.31,5,11.18,4.07,0
26.08,71.02,4,11.39,5.0,1
23.22,75.89,3,11.4,17.72,0
40.07,53.83,3,14.77,15.13,0
17.41,74.34,7,4.66,9.29,0
30.47,61.02,6,8.13,19.19,0
20.25,21.58,1,2.89,15.27,0
34.23,33.16,4,15.89,18.96,1
16.1,38.44,5,10.3,9.07,0
17.98,67.24,7,14.07,14.36,0
44.28,84.61,3,5.07,9.62,1
36.47,26.01,4,12.71,11.52,1
19.63,26.93,3,4.56,7.55,0
21.73,72.05,6,1.52,5.37,1
38.3,83.57,6,12.47,1.39,1
29.83,66.76,5,15.65,3.65,0
36.22,42.23,2,6.62,8.18,0
23.27,80.87,2,11.9,7.01,1
19.62,83.29,6,8.62,2.94,0
16.37,86.84,1,4.0,10.16,1
21.47,80.96,4,3.89,16.45,1
30.54,92.62,4,11.95,3.71,0
42.4,60.17,3,10.56,5.82,0
20.96,65.75,2,13.64,5.41,1
30.55,44.76,3,15.2,18.8,0
20.01,65.45,2,2.35,13.68,1
25.22,87.57,2,10.96,10.87,0
24.86,84.48,1,3.32,8.79,1
15.82,25.62,1,13.9,15.25,0
20.58,93.3,2,14.4,5.76,0
35.94,41.49,2,1.7,2.08,0
30.97,34.74,4,7.32,5.14,0
22.26,46.61,6,13.18,11.07,1
44.11,63.18,7,14.06,9.98,0
25.97,86.82,7,4.31,14.4,1
27.65,30.71,6,14.98,7.14,1
32.46,50.05,5,2.69,9.19,1
38.08,22.67,2,4.88,14.87,0
15.28,82.84,3,6.98,19.45,0
30.69,57.61,2,3.87,8.47,0
32.21,37.46,2,2.66,18.87,0
27.44,92.98,6,10.57,12.18,1
41.12,56.25,1,0.56,13.05,0
15.39,60.52,5,14.45,7.88,0
15.7,34.08,1,8.98,9.94,0
30.28,88.63,5,11.43,10.71,0
15.44,88.61,2,6.77,8.05,1
38.41,79.67,4,6.93,6.61,1
23.46,38.25,4,12.21,1.87,1
41.61,27.69,6,10.88,5.82,0
41.24,90.08,2,1.12,13.58,0
19.16,91.36,5,12.23,6.62,1
19.51,35.81,6,7.08,1.59,1
39.83,31.0,1,10.42,11.23,0
18.51,64.02,4,11.34,12.78,0
41.37,76.03,1,2.53,19.95,1
34.91,76.13,7,0.6,1.19,1
33.6,65.51,3,15.15,5.86,0
31.2,48.25,3,1.19,2.3,1
36.88,73.28,5,0.89,1.92,1
30.18,64.61,4,5.76,10.28,0
34.91,84.35,7,6.86,18.69,0
35.64,29.62,3,5.42,11.01,0
43.12,67.43,3,2.53,13.6,0
21.38,82.22,6,9.17,17.57,0
22.73,53.19,7,5.72,8.67,0
42.09,72.58,2,14.62,11.93,1
16.91,64.07,1,2.99,14.28,1
36.88,32.78,4,6.66,16.65,0
24.04,63.75,5,1.28,16.14,0
33.36,41.43,6,9.02,10.16,0
25.78,30.9,5,13.98,15.07,0
40.2,89.88,5,1.23,1.78,0
29.95,77.16,2,11.19,18.9,0
16.35,50.82,1,2.04,14.84,0
39.75,62.67,2,7.66,2.16,1
21.45,73.21,1,9.7,9.49,1
44.84,35.86,1,12.26,11.53,1
18.12,36.53,3,6.44,5.9,0
38.39,39.39,4,9.92,11.61,1
35.16,90.22,1,11.99,19.99,0
37.31,32.46,1,15.17,16.81,0
34.58,88.73,6,12.04,7.05,1
23.7,56.4,7,14.37,6.92,0
44.74,35.51,5,7.9,7.23,0
18.74,77.47,5,1.37,16.61,0
44.23,42.78,3,10.73,6.24,0
37.14,32.25,3,14.9,10.65,0
33.46,56.15,7,9.66,12.88,0
41.36,35.62,2,4.97,16.59,1
27.98,66.92,1,6.13,1.61,1
16.69,72.29,3,10.55,11.67,1
44.42,62.7,7,14.25,2.5,0
25.75,31.61,1,14.94,13.76,0
21.73,58.8,2,9.27,8.94,0
38.02,81.38,4,7.85,19.33,1
39.52,58.56,4,9.32,2.33,0
23.24,23.69,2,15.95,18.95,0
18.48,93.75,3,14.64,7.48,0
35.33,53.6,5,15.21,15.97,0
18.54,47.63,7,14.62,19.2,0
42.0,65.18,6,14.38,18.36,0
38.42,39.25,6,8.94,10.83,0
29.1,67.3,4,13.45,19.99,0
42.89,43.39,2,11.4,7.27,0
26.05,34.66,2,15.91,2.5,0
32.15,89.69,3,13.6,9.07,1
34.34,83.81,1,13.2,17.58,0
35.68,88.1,7,1.89,16.04,1
44.28,46.29,4,4.0,1.96,0
19.82,65.79,7,5.03,8.87,0
16.88,73.0,4,8.88,3.3,1
31.22,55.57,2,9.92,12.81,0
15.76,91.42,3,0.62,9.52,0
35.43,66.16,1,14.03,8.12,0
20.36,90.07,5,7.95,3.46,0
36.85,86.56,4,5.64,4.07,1
43.45,45.94,6,8.68,3.76,0
15.28,45.72,2,12.61,11.94,0
33.02,58.33,3,9.03,17.5,0
41.92,88.53,2,4.68,13.3,0
22.79,22.92,3,7.15,13.23,1
15.38,58.61,5,1.36,3.92,0
17.17,53.15,5,12.16,3.88,0
33.83,89.1,7,9.07,6.73,0
28.08,49.64,6,3.84,6.35,0
19.01,73.65,2,15.04,2.88,0
34.5,56.38,4,9.74,4.32,0
22.39,45.31,5,10.37,13.56,0
29.89,65.02,3,10.75,1.87,1
31.65,49.01,2,13.75,3.89,1
36.78,81.08,2,6.74,2.37,1
38.51,60.35,1,14.45,12.69,0
32.71,23.85,7,3.43,5.86,1
32.81,79.63,1,12.93,17.24,0
30.42,45.39,3,11.68,4.42,1
22.2,44.62,4,7.67,3.21,0
34.09,52.97,6,9.97,4.95,1
26.9,57.42,7,1.5,10.39,0
16.2,67.36,3,2.85,1.6,1
18.84,67.37,6,6.36,16.7,0
27.31,65.62,6,15.3,7.77,1
39.68,43.37,5,0.06,14.38,0
20.72,25.76,7,7.1,10.89,1
37.6,73.63,7,11.55,1.23,0
43.02,33.28,4,9.39,16.88,0
24.0,64.84,2,1.46,3.1,0
44.82,80.66,5,14.5,3.44,0
24.51,51.29,1,12.0,13.03,0
21.86,53.44,6,0.05,8.42,1
25.36,78.55,1,0.83,6.71,1
16.73,64.7,6,5.67,2.2,1
26.85,41.46,2,2.28,17.66,0
15.98,29.03,3,10.47,12.19,1
18.81,92.6,1,0.9,2.75,1
18.84,29.45,4,2.0,13.26,0
36.07,75.08,5,12.65,19.74,0
16.25,64.95,5,12.69,16.29,0
15.3,71.97,6,7.24,5.43,0
15.15,37.77,6,9.54,9.59,0
35.08,72.29,1,2.84,19.45,0
31.49,66.46,1,6.65,3.31,1
38.07,37.44,7,12.65,12.32,0
44.94,78.46,4,14.52,10.77,0
44.54,43.53,7,15.25,4.05,0
21.01,43.27,2,4.67,14.23,0
43.95,49.49,4,8.54,12.16,0
18.6,89.95,3,0.53,13.83,0
25.15,51.01,3,4.96,3.18,1
30.91,31.99,6,3.37,13.64,0
38.69,66.78,2,9.85,5.86,0
21.36,92.2,6,2.1,17.28,0
22.7,74.46,5,13.31,7.97,0
40.88,81.7,1,5.9,15.39,0
20.39,32.25,4,7.06,4.83,1
19.02,40.52,5,7.92,15.5,1
18.44,70.0,6,10.24,10.77,1
26.89,21.89,4,2.02,4.34,0
30.48,33.19,2,13.56,14.76,0
30.42,43.54,1,2.04,2.01,0
34.76,88.09,4,13.12,6.72,0
36.4,91.82,3,3.96,4.15,0
16.51,39.77,6,9.66,3.72,1
15.43,79.63,6,13.42,6.18,0
33.51,33.27,4,0.12,19.21,0
32.97,54.27,4,0.0,13.3,0
30.53,64.64,2,0.66,17.95,1
24.35,69.74,3,2.26,14.59,0
41.12,91.2,2,10.75,9.31,0
26.04,35.43,4,14.69,14.74,0
37.87,46.84,3,13.49,2.01,0
32.44,70.09,1,12.36,16.63,0
40.62,57.81,2,3.81,3.25,0
26.24,43.54,3,15.01,1.92,0
17.67,72.88,1,3.02,15.88,0
35.36,21.06,3,1.94,3.93,1
39.8,26.64,1,14.21,4.03,1
35.29,35.27,6,3.48,19.29,0
29.85,44.26,1,2.31,19.13,0
17.16,78.74,6,4.88,6.64,0
43.89,50.02,2,4.08,19.81,0
44.8,86.49,1,7.49,14.38,0
42.79,83.22,6,5.37,17.43,0
15.92,36.22,5,4.68,10.69,0
23.57,31.73,4,11.57,11.3,0
42.19,47.98,6,15.79,12.89,0
27.28,93.38,2,6.89,9.55,0
18.9,66.28,3,13.29,3.48,1
29.42,65.14,1,7.34,1.65,0
16.3,46.7,2,5.4,8.24,0
17.93,93.53,2,14.23,14.77,1
15.94,40.36,6,8.38,14.95,1
17.29,67.49,3,1.66,5.09,1
17.25,36.96,6,6.65,19.43,1
38.24,60.85,4,7.85,7.49,1
27.3,35.3,7,8.21,3.86,0
28.57,45.15,3,4.04,17.7,0
24.79,61.43,3,0.76,11.28,0
28.2,58.9,1,9.04,15.3,0
34.76,28.0,5,3.77,16.88,0
32.73,50.73,7,7.91,12.27,1
41.2,65.38,2,4.26,2.3,0
39.5,76.34,4,11.69,10.93,0
35.77,63.13,6,12.25,17.89,0
38.19,41.92,1,3.1,2.36,0
20.64,42.35,5,7.19,15.03,0
18.22,27.03,7,6.98,14.76,0
30.01,75.14,2,12.44,17.59,0
26.75,76.99,2,14.61,2.82,0
26.91,60.52,4,8.51,3.42,0
19.91,24.65,6,7.22,7.56,1
22.75,56.94,5,13.38,5.83,0
27.59,30.52,5,1.64,18.91,1
30.63,84.39,5,2.87,16.01,0
39.91,70.81,1,7.81,3.44,1
34.37,28.15,2,11.36,13.67,0
35.82,49.96,7,5.33,19.34,0
36.85,41.93,5,13.94,15.05,0
29.51,80.89,7,12.36,13.02,0
33.1,53.36,7,5.09,17.25,0
36.11,60.32,4,12.98,11.85,0
23.14,26.91,1,10.09,16.32,0
32.86,25.13,5,4.68,3.11,0
27.82,83.9,3,12.64,11.31,0
38.13,56.93,4,0.39,5.69,0
33.78,66.45,5,6.68,18.94,0
32.32,63.45,5,10.89,17.04,0
38.22,35.3,5,7.52,4.06,0
30.16,89.35,2,12.63,14.07,0
23.89,44.32,6,0.26,14.91,1
41.84,41.56,4,10.37,5.27,1
32.1,49.39,7,0.57,18.53,1
19.88,66.7,7,12.87,9.12,0
33.83,43.54,2,9.78,13.26,1
41.18,20.07,7,12.27,14.22,0
30.27,20.53,1,8.2,1.3,0
35.65,71.58,6,2.33,4.24,0
41.94,87.24,2,3.58,7.13,0
24.29,77.39,2,2.18,6.91,0
34.57,78.5,5,5.18,6.9,0
28.61,23.3,7,5.61,14.05,0
26.77,68.62,1,12.38,2.96,0
26.85,78.33,7,8.62,11.88,0
16.84,54.35,2,9.98,11.57,0
40.39,87.68,6,12.22,5.74,1
43.31,40.38,5,13.78,19.36,0
20.56,91.66,1,13.32,18.03,0
15.58,76.92,5,15.51,6.31,1
29.02,24.5,6,7.88,6.52,0
27.91,61.23,7,14.92,3.45,0
36.48,38.51,6,4.3,12.72,1
25.11,91.29,1,2.21,13.21,0
41.47,41.14,2,0.8,11.58,1
22.95,20.99,6,2.76,7.16,0
16.74,58.47,1,4.37,13.38,0
33.26,32.47,4,13.46,3.1,0
28.76,50.83,2,1.04,5.48,0
43.83,64.71,7,7.68,18.57,1
44.27,38.66,2,8.63,15.0,0
32.95,86.33,2,13.39,13.95,0
37.31,48.5,4,2.71,3.63,1
26.68,63.74,7,6.38,7.92,0
15.0,29.7,7,14.58,8.12,0
42.58,54.57,3,14.76,14.17,1
37.53,38.68,6,7.72,9.05,1
34.0,50.51,6,0.32,7.61,0
41.22,32.23,2,14.9,5.1,0
16.9,91.04,4,6.05,6.06,0
37.85,94.3,4,4.89,4.04,0
39.68,49.21,2,1.48,13.84,1
16.11,47.63,1,4.64,9.75,1
23.4,63.78,6,8.54,2.31,0
23.31,77.49,1,15.91,17.24,0
39.54,49.15,1,14.93,14.3,0
41.07,82.45,5,5.58,9.49,1
36.96,38.79,3,2.27,11.99,1
19.41,34.64,6,12.55,10.03,0
40.51,84.4,2,2.93,11.56,1
17.94,69.06,4,12.38,12.31,0
38.07,55.04,4,10.66,18.03,0
20.02,74.95,3,5.8,3.74,1
15.67,21.93,3,6.06,16.63,0
37.22,25.18,4,9.85,15.42,0
40.35,77.06,2,3.69,14.95,0
43.1,91.48,3,9.95,19.07,1
34.74,30.14,5,0.14,16.38,0
39.3,20.75,3,13.42,3.48,1
23.66,92.11,4,15.95,2.89,0
37.03,83.76,5,4.94,10.24,0
15.46,72.66,5,12.21,13.56,0
19.88,41.11,1,13.88,7.04,1
17.21,92.07,2,11.12,7.68,0
22.26,88.22,3,3.44,5.66,0
43.53,21.25,2,9.12,1.64,0
18.24,52.13,7,0.51,1.69,0
16.73,60.86,3,8.3,11.34,0
38.79,28.06,7,9.62,18.62,0
28.85,66.22,4,6.62,15.15,0
36.15,92.03,7,11.91,7.47,1
37.46,36.93,4,4.19,11.01,0
23.83,59.94,2,0.42,4.3,0
32.2,47.03,7,0.52,10.66,0
25.74,31.62,1,7.96,16.6,0
33.63,74.77,6,2.36,2.94,0
28.17,76.54,6,14.69,9.18,1
28.17,74.21,2,3.42,17.01,0
40.26,22.94,2,3.31,3.25,0
26.92,52.13,3,2.48,2.67,0
29.88,36.34,2,8.19,1.58,0
35.5,74.82,2,7.94,12.63,0
21.78,78.35,6,9.17,12.19,0
20.5,45.05,6,2.87,1.48,1
17.66,49.63,4,0.9,3.04,0
20.44,82.59,6,5.34,9.1,0
24.48,27.38,1,12.73,5.37,0
20.01,34.12,4,7.87,7.92,0
38.13,80.42,4,1.01,3.23,0
36.98,42.49,7,10.56,5.44,0
30.75,26.58,2,12.92,14.18,1
35.3,60.91,2,2.08,9.29,0
43.54,89.96,5,12.58,2.3,0
37.69,93.12,7,10.86,16.36,0
31.37,39.8,5,14.9,5.12,0
30.02,40.1,1,1.32,12.01,0
42.74,43.24,5,6.39,3.51,0
29.86,89.78,5,5.6,9.89,0
37.97,93.16,1,15.45,15.11,0
16.37,66.44,7,6.85,8.88,0
26.83,45.92,1,1.7,1.48,0
24.14,86.48,6,9.28,19.25,0
43.67,59.41,3,4.68,13.05,1
31.66,46.53,3,12.14,16.05,1
37.45,33.13,5,6.37,10.55,1
30.99,56.46,4,2.85,14.31,0
31.2,94.67,7,6.33,7.65,0
33.98,71.16,6,15.08,11.65,0
24.57,68.62,1,8.52,7.69,0
23.99,42.62,6,14.23,4.87,1
41.21,47.55,2,1.78,16.7,0
15.55,66.93,7,4.1,17.15,0
44.32,29.98,4,2.68,10.85,0
42.08,27.12,3,5.0,8.66,0
25.83,56.94,4,10.2,4.74,1
20.15,43.04,1,10.42,5.79,0
15.55,64.65,2,6.65,15.62,0
33.59,64.81,1,9.65,6.4,0
17.61,55.77,6,14.98,15.18,0
25.37,63.45,6,12.7,10.0,1
24.17,86.34,1,12.85,1.76,1
19.19,24.64,3,0.85,6.69,0
25.39,55.0,3,2.04,2.94,0
38.7,50.58,3,1.13,11.28,0
23.4,49.05,7,13.54,16.86,0
24.14,65.62,6,9.08,17.75,0
30.56,75.72,3,4.0,17.29,0
19.03,85.61,3,11.76,16.08,1
16.1,79.44,7,0.2,16.21,1
16.38,86.78,6,7.02,15.58,0
44.72,44.23,2,15.4,8.79,0
25.36,87.05,1,0.55,5.6,0
19.62,63.27,1,2.19,16.31,0
20.84,46.16,2,7.01,11.78,0
38.22,93.81,1,4.72,4.91,0
37.81,20.77,7,4.29,12.3,0
24.46,63.34,5,5.78,18.78,0
15.04,70.76,4,4.75,11.64,0
23.58,93.59,6,0.17,18.1,0
38.26,55.84,7,4.76,13.9,1
22.11,41.54,7,10.31,16.5,0
41.7,52.26,3,10.92,8.39,1
36.73,52.06,3,4.3,1.33,0
26.64,38.27,4,15.07,4.96,1
21.71,25.2,2,8.55,5.62,1
26.25,72.89,4,4.72,4.79,0
25.6,74.01,4,15.62,17.81,0
43.31,80.74,1,5.86,17.92,0
37.07,70.53,4,6.28,10.19,0
36.81,88.08,2,5.65,1.99,1
32.81,53.75,4,11.24,19.52,0
33.24,63.86,2,13.16,7.39,0
44.85,42.19,2,3.79,2.76,0
28.11,74.84,1,14.59,4.84,0
29.23,64.79,4,10.44,3.51,0
22.12,28.82,3,11.65,1.61,0
35.08,43.77,3,6.03,2.97,0
41.59,44.59,6,11.01,11.69,0
33.8,27.97,1,6.07,17.15,1
30.64,48.37,1,15.06,1.74,0
18.85,57.83,4,14.09,9.03,0
38.84,93.43,1,5.1,3.28,0
18.98,78.16,6,6.33,11.23,0
23.98,68.48,4,6.71,8.3,0
32.74,46.94,1,6.24,3.27,0
18.31,93.44,1,2.62,14.38,0
22.49,45.5,1,10.07,2.58,1
30.34,82.71,6,2.19,16.23,0
40.67,73.79,1,15.64,9.6,1
31.79,46.62,1,2.54,10.53,0
34.09,76.13,2,9.99,3.96,0
29.38,58.53,3,7.22,1.09,0
39.85,29.85,1,11.65,17.21,0
15.5,39.52,7,6.14,13.25,0
37.67,20.68,3,11.44,3.03,1
20.32,25.18,7,4.04,11.87,0
43.03,63.28,3,10.0,12.76,1
30.14,89.92,7,4.22,9.17,0
27.68,68.21,4,5.87,11.11,0
40.5,52.72,2,7.63,16.64,0
19.5,60.38,4,11.02,16.11,0
44.16,65.04,2,14.9,1.37,0
40.19,41.89,5,9.39,17.78,0
17.82,48.95,5,11.8,12.2,1
37.54,80.8,4,5.46,14.4,0
34.21,29.63,4,10.52,18.95,1
38.83,23.72,4,12.67,11.79,1
30.67,24.99,3,10.77,5.57,1
29.15,72.97,7,0.03,14.0,0
15.17,43.47,5,8.0,18.05,1
32.95,50.14,4,9.26,4.03,0
30.37,42.87,1,9.73,2.46,0
36.21,94.83,3,0.78,12.42,0
43.22,56.44,3,3.37,11.83,0
35.87,62.95,4,9.32,15.05,0
41.18,37.12,5,15.24,2.4,0
24.34,40.16,2,7.17,10.7,0
19.56,67.31,7,3.99,18.99,1
20.87,61.29,5,1.93,7.76,0
20.86,50.03,7,6.99,3.44,0
22.13,39.59,1,2.59,17.37,0
44.44,94.05,5,0.97,19.22,1
31.73,36.02,1,7.13,2.11,0
41.65,73.7,6,1.14,11.24,0
41.33,26.41,2,0.02,14.13,0
39.88,53.34,7,15.71,16.03,0
26.54,29.68,4,7.67,18.1,0
41.87,80.5,2,15.83,19.17,0
31.0,45.66,6,0.84,16.63,0
34.28,46.77,7,10.97,11.61,0
34.59,76.36,7,11.88,7.43,0
21.62,23.84,5,6.59,17.38,0
27.83,27.64,6,7.7,5.87,0
44.89,68.3,6,15.87,5.41,1
35.65,84.76,2,7.72,11.75,0
30.08,24.17,4,3.26,11.66,0
43.03,52.34,3,12.7,10.64,0
35.39,88.42,1,9.7,3.11,0
33.48,31.04,3,6.47,2.91,0
27.23,67.38,1,15.62,10.24,0
18.66,64.1,5,6.43,13.36,0
28.75,34.82,3,13.13,19.52,0
16.01,32.41,1,5.39,14.95,0
16.54,79.05,5,6.44,9.22,0
17.17,82.62,7,13.01,9.22,1
43.37,26.37,3,4.27,4.07,0
37.83,29.24,2,2.64,11.95,0
34.31,33.29,3,4.5,19.2,0
30.23,78.14,3,1.06,17.91,0
16.64,81.55,7,9.23,7.65,1
39.42,75.67,5,15.55,12.71,1
38.2,91.98,7,2.53,1.55,0
25.86,56.39,5,11.33,1.64,0
43.73,60.3,2,0.77,16.2,0
41.83,40.19,6,9.63,9.78,0
40.18,25.77,1,0.95,11.86,1
33.79,49.32,6,7.61,14.79,0
16.55,70.89,5,5.09,12.03,0
23.93,47.19,5,11.33,12.89,0
39.67,70.71,7,8.88,15.93,0
29.62,50.02,1,15.15,14.19,1
44.6,43.65,4,15.02,2.92,1
33.59,81.52,6,15.75,6.04,0
41.78,56.3,5,13.51,16.56,0
18.34,90.63,3,9.91,8.92,0
43.15,90.6,7,6.63,4.74,1
42.95,52.46,5,9.67,11.71,1
38.55,50.26,2,0.04,10.63,0
20.6,27.9,2,8.2,8.7,0
19.93,31.29,1,4.18,14.4,1
38.65,90.36,1,14.88,18.26,0
17.4,40.78,7,8.12,13.69,0
20.99,90.83,5,2.14,1.85,0
31.36,46.03,6,8.53,4.68,0
22.89,55.66,6,3.92,8.99,0
31.87,31.0,5,9.44,14.16,0
18.87,77.18,6,3.84,14.77,0
25.42,23.11,5,13.47,11.63,0
19.1,49.59,4,13.33,11.66,0
38.4,63.7,5,2.79,9.44,0
43.97,38.75,6,10.26,1.02,0
31.18,84.96,3,3.41,17.49,0
43.47,27.6,4,14.74,10.79,0
17.95,84.47,4,5.81,18.39,1
17.68,52.85,1,15.5,2.05,0
32.79,57.93,2,1.92,17.38,0
29.86,92.8,6,15.38,6.38,0
37.12,91.51,5,0.41,9.9,0
34.95,40.67,4,5.5,6.39,0
16.41,85.23,5,4.06,13.8,0
23.19,59.38,1,4.1,15.28,0
20.88,74.03,3,14.93,5.5,0
17.79,39.28,5,3.09,19.56,0
35.71,92.74,3,3.37,14.43,1
17.43,69.64,7,15.88,19.43,0
32.77,70.36,1,15.84,2.5,1
44.6,59.58,3,13.92,15.38,1
18.62,50.42,3,15.85,11.06,0
44.44,92.33,7,12.48,4.93,0
20.64,86.22,1,14.0,18.32,1
16.93,46.6,5,4.25,16.99,0
43.09,90.47,7,9.87,6.02,1
16.31,94.27,5,0.34,4.63,0
44.08,63.04,1,13.03,18.1,1
36.27,82.13,1,10.94,7.25,0
23.42,36.47,7,1.26,11.39,0
40.57,30.29,5,9.68,7.15,1
32.82,37.2,3,4.05,9.77,0
22.78,46.09,2,13.25,15.41,0
21.39,46.9,3,15.79,7.22,0
29.42,69.88,2,14.72,18.14,1
43.15,45.75,7,3.07,17.85,0
41.32,55.32,6,14.34,6.08,0
16.57,46.44,7,12.93,12.94,0
31.06,45.59,3,11.45,12.3,1
16.36,25.67,1,14.78,17.89,0
41.86,31.4,4,11.7,9.32,1
25.26,70.44,6,0.83,10.13,0
16.26,73.83,7,14.52,18.9,0
20.46,62.58,7,12.13,19.77,0
31.24,64.0,3,4.68,18.4,1
18.93,23.65,1,2.0,3.14,0
18.06,82.91,7,9.82,13.91,0
33.98,76.75,5,13.98,11.54,0
22.22,49.42,6,13.42,8.27,0
32.3,51.36,6,7.05,9.16,1
43.54,94.95,2,0.99,13.29,0
33.5,92.7,7,12.4,16.07,0
27.64,83.32,1,1.64,6.57,0
33.41,82.11,7,3.41,3.45,1
29.97,49.38,5,1.55,1.59,1
27.29,91.86,3,14.65,13.44,0
39.21,80.82,3,11.98,12.69,1
34.04,60.98,6,6.54,17.95,0
33.03,92.52,3,6.53,15.56,0
30.7,34.4,6,1.12,13.68,0
35.34,27.08,2,9.73,16.07,0
40.73,57.84,2,4.25,5.08,0
24.67,75.43,7,10.09,5.88,0
18.16,81.46,2,10.44,5.38,0
42.73,70.43,2,1.93,16.83,0
41.99,35.93,4,10.97,11.58,0
39.18,21.04,3,6.95,5.6,0
16.99,93.31,3,1.39,18.94,0
17.03,56.73,5,11.61,6.67,1
40.98,81.27,4,6.77,13.09,1
33.7,86.22,1,13.69,5.8,0
41.4,27.92,2,0.85,4.41,1
25.18,82.15,6,1.62,6.63,0
29.77,45.03,3,13.62,5.12,0
31.56,92.43,1,7.48,12.09,0
34.91,94.21,7,4.01,17.68,0
39.78,38.92,5,11.35,7.2,0
19.42,77.16,3,14.57,4.62,1
35.88,86.78,5,11.25,4.58,1
42.25,67.27,3,2.93,4.73,0
16.97,34.79,5,9.98,4.93,0
38.92,69.4,2,1.38,14.74,0
22.43,70.34,6,11.91,9.76,0
16.74,87.96,4,2.84,2.8,1
39.89,49.48,1,15.25,16.46,0
25.0,80.43,1,15.29,11.39,0
25.76,38.5,1,4.46,16.7,0
26.39,44.39,7,13.35,11.89,0
21.71,82.8,6,5.45,8.27,0
18.4,41.69,2,15.72,10.4,0
17.71,24.21,2,6.66,2.55,0
18.04,64.77,5,2.02,15.48,1
31.75,70.61,3,12.89,5.28,0
28.67,26.34,1,6.96,9.31,0
23.16,85.22,3,12.69,16.91,0
31.97,82.36,7,1.68,6.19,1
41.84,90.57,7,12.93,1.5,0
32.48,57.65,1,12.83,11.82,0
21.73,57.52,4,6.17,5.6,0
18.05,50.51,5,4.02,8.52,1
27.89,35.45,2,5.11,11.64,0
17.82,82.3,2,3.37,10.87,0
44.75,71.75,7,5.73,8.33,0
35.77,47.08,1,11.21,15.46,0
31.07,57.54,7,7.55,18.96,0
34.95,80.18,1,5.19,1.11,1
44.63,71.19,7,5.46,9.04,0
29.76,75.62,7,8.33,17.21,0
21.85,27.32,1,5.5,8.16,1
35.06,60.32,7,11.64,4.15,0
28.3,24.1,1,9.86,6.57,0
30.38,77.14,4,6.87,6.25,0
33.35,58.85,2,14.21,3.32,1
19.51,28.01,1,2.87,5.27,0
26.23,35.87,3,2.02,1.9,0
40.26,88.82,7,11.0,10.57,0
35.59,51.91,6,5.92,6.1,0
18.56,81.2,4,7.91,18.87,0
19.23,81.77,7,13.53,3.31,1
35.19,56.31,3,10.4,6.21,1
35.88,44.93,2,4.39,4.81,0
30.94,50.81,6,4.0,16.12,1
15.74,34.72,2,15.59,1.91,0
44.78,58.17,1,4.32,13.92,0
40.9,51.43,6,9.54,10.34,1
21.14,70.2,6,10.23,2.11,0
36.89,50.61,2,7.26,10.99,0
37.09,46.86,3,8.81,16.91,0
39.2,78.26,2,7.76,9.63,0
18.61,55.38,4,8.6,17.1,0
36.67,62.5,1,15.06,16.18,0
42.67,62.6,4,2.38,4.31,1
21.26,27.91,6,15.78,2.74,1
32.94,69.26,1,5.42,19.99,0
23.85,60.78,3,9.25,14.16,0
25.52,63.27,2,11.04,14.68,1
42.92,82.91,3,11.44,5.94,1
17.15,52.02,7,4.47,13.88,0
18.02,70.73,2,12.3,9.08,1
27.97,25.5,4,12.32,17.21,0
33.79,90.1,1,3.07,4.0,0
39.24,26.85,4,6.28,3.02,1
37.72,45.67,2,15.87,19.95,0
28.04,53.75,6,12.55,11.58,0
31.08,80.2,1,11.02,2.0,0
35.81,63.97,1,15.41,12.01,0
29.68,24.25,2,13.32,19.5,0
37.49,53.23,3,0.31,12.7,0
25.11,90.95,1,4.25,19.13,0
19.56,34.73,3,9.38,6.36,0
25.26,32.33,1,5.06,11.3,0
30.74,50.34,5,6.16,3.76,0
24.56,55.08,1,11.83,2.61,1
40.14,79.94,1,5.34,5.68,0
32.08,43.77,4,7.03,19.26,0
16.08,25.68,6,4.86,18.43,0
43.52,21.31,5,7.53,2.95,0
25.53,84.83,1,8.82,2.6,0
34.76,26.46,6,6.67,1.46,0
24.85,80.38,7,9.6,11.17,0
23.55,53.68,5,9.0,7.65,0
20.12,51.38,4,0.74,16.81,0
28.88,23.63,2,15.07,8.68,0
16.99,90.16,2,11.64,7.31,0
34.95,82.62,3,2.75,14.22,0
28.46,32.47,7,15.31,6.45,0
30.5,21.64,1,0.86,19.9,0
36.37,37.22,7,1.52,5.86,0
39.57,85.3,7,11.97,7.32,0
19.82,65.54,2,13.08,3.28,0
32.09,92.41,5,10.23,14.06,0
37.78,26.61,7,2.12,12.65,1
31.63,80.23,3,15.07,5.93,0
36.12,42.98,7,2.62,9.29,0
22.74,62.45,5,8.31,1.95,1
35.76,36.47,1,7.3,6.04,0
33.4,29.82,4,5.42,6.28,0
26.37,35.88,7,10.02,14.88,0
29.2,63.41,3,2.93,9.02,0
25.8,83.68,6,9.84,15.54,1
30.08,69.98,5,9.2,13.79,1
27.57,20.46,7,2.19,8.05,1
29.57,75.24,5,0.25,8.49,1
37.75,23.78,7,15.49,18.28,1
30.07,73.61,4,12.67,1.88,0
36.57,42.98,7,15.8,4.77,0
16.26,64.57,1,2.96,13.54,0
33.62,40.01,3,7.14,4.55,0
21.07,32.13,4,4.46,13.21,0
22.26,68.7,7,12.42,14.81,0
19.59,52.86,7,5.18,6.95,0
44.6,57.6,3,4.44,17.78,1
41.19,77.01,4,4.14,10.85,1
17.13,91.13,3,3.0,8.31,0
15.57,80.6,3,9.43,3.77,0
35.73,69.82,5,4.4,14.12,0
38.03,29.46,7,1.99,12.18,0
31.95,81.8,2,2.45,10.41,0
29.58,80.76,7,6.63,1.74,1
15.36,63.56,5,6.37,19.42,1
24.71,92.26,2,11.76,5.61,0
28.68,24.24,4,2.6,8.48,0
22.42,32.49,7,13.84,3.32,0
36.55,51.21,7,13.23,14.32,1
28.54,37.75,7,0.61,12.41,1
25.17,22.03,1,9.99,7.11,0
19.68,51.44,3,2.32,19.27,0
16.13,59.98,3,12.82,11.14,0
18.53,32.82,4,1.79,15.48,1
24.36,50.41,1,1.16,14.3,0
39.58,31.53,3,15.32,16.03,1
34.05,40.32,5,6.94,6.17,1
28.17,44.21,1,14.0,17.55,0
19.89,35.07,1,3.62,1.01,1
19.54,92.74,3,12.47,16.24,0
32.65,54.88,6,10.69,6.18,0
39.1,85.94,7,12.92,2.37,0
23.78,57.75,1,0.71,8.89,0
33.63,23.03,1,6.69,18.24,0
40.41,39.36,3,13.89,1.11,0
28.81,75.39,6,2.04,6.56,0
26.1,72.23,3,3.91,16.79,0
18.16,77.66,1,15.54,9.99,1
16.26,71.84,2,4.64,12.72,0
15.55,51.29,5,15.37,10.52,0
37.94,93.18,5,0.2,4.61,0
18.69,23.0,1,12.52,18.32,0
15.76,73.16,7,12.42,2.78,0
34.77,61.14,7,9.62,4.49,1
42.06,73.82,2,6.71,2.98,1
42.18,27.46,6,7.61,6.54,1
21.85,52.99,1,6.92,13.9,0
31.99,64.13,5,6.31,6.36,0
15.91,84.98,2,4.25,2.98,0
25.68,58.24,1,4.7,4.62,0
35.29,56.68,7,8.51,12.08,0
23.17,60.98,1,12.29,8.24,1
18.02,36.4,1,8.49,9.93,1
26.77,63.07,3,0.4,14.19,0
30.54,73.05,1,0.16,5.07,0
42.57,67.08,2,4.98,13.53,1
43.33,70.48,3,4.6,9.71,0
31.12,35.68,4,10.59,7.44,1
18.2,36.82,4,14.62,4.41,0
36.4,68.03,3,4.95,14.31,0
36.87,43.17,3,11.64,18.1,1
37.66,75.65,1,1.82,9.2,0
30.09,81.98,5,2.47,16.92,0
30.64,63.66,2,12.59,19.55,1
17.5,76.83,4,14.66,9.05,0
42.63,66.05,6,9.95,19.31,1
30.37,24.52,7,0.63,5.76,0
28.64,70.82,1,6.72,3.97,0
36.6,69.28,6,13.88,3.6,0
19.11,80.18,3,4.14,9.21,1
22.41,63.55,7,6.27,6.56,0
34.11,85.03,2,4.04,14.85,0
43.39,37.75,7,5.14,18.21,0
43.17,81.75,2,4.18,17.97,1
36.42,40.93,6,4.98,7.95,1
16.18,34.51,2,10.52,6.02,0
34.27,75.79,7,8.13,1.99,0
20.03,58.89,3,6.43,15.31,1
33.45,48.28,1,9.64,17.14,1
39.94,84.83,3,13.72,4.43,0
26.6,40.6,5,7.65,18.18,0
39.12,59.4,4,0.74,4.37,0
39.54,70.47,1,11.68,16.18,1
43.93,23.96,7,4.1,18.03,1
36.58,92.28,4,0.7,10.35,0
22.15,67.66,5,13.17,2.04,0
28.32,47.5,6,3.64,16.83,0
26.13,61.6,6,11.87,3.38,0
40.48,50.63,3,11.63,2.14,0
34.27,25.77,4,2.08,7.79,0
36.97,31.54,5,14.41,15.59,1
15.17,62.77,5,8.09,18.56,0
20.13,77.96,2,4.41,6.11,1
25.41,56.16,3,13.75,2.39,0
34.7,32.19,1,8.4,19.12,1
37.2,93.25,2,4.87,13.94,0
32.85,31.76,1,9.09,15.59,0
36.85,81.3,4,7.35,11.48,0
15.93,88.35,4,8.91,3.59,0
43.43,65.78,7,5.77,19.74,1
42.81,80.9,2,11.29,10.44,1
43.87,47.83,6,9.14,2.99,0
37.39,20.15,7,15.64,12.11,0
21.04,57.94,2,6.57,7.67,0
28.75,71.93,6,8.53,15.12,0
33.23,66.37,2,0.79,7.38,0
33.48,73.73,7,1.96,5.78,0
34.53,61.86,4,10.9,7.52,1
23.76,71.41,4,11.63,3.76,0
32.87,73.7,1,11.17,12.2,0
42.99,81.91,6,6.76,10.85,0
15.62,61.16,3,0.88,4.15,0
26.53,46.51,3,1.72,11.9,0
39.35,61.03,1,1.57,14.94,0
33.34,75.42,4,15.49,10.55,1
43.74,75.31,5,11.96,1.65,0
38.13,34.14,5,3.83,15.76,0
30.32,82.89,2,13.48,2.85,1
31.63,20.45,6,11.3,10.92,0
28.62,59.46,3,13.78,7.87,1
31.82,92.12,7,15.79,5.65,0
24.47,76.06,2,0.31,7.85,1
43.12,67.67,3,6.49,2.62,1
26.91,34.19,2,12.45,4.14,1
26.29,26.38,6,8.43,13.49,0
28.82,90.35,2,3.3,6.91,0
44.6,45.36,5,8.94,14.45,0
33.02,21.78,4,0.21,6.8,0
41.66,42.0,7,4.94,17.54,0
37.57,21.08,2,2.14,8.26,0
41.84,78.75,7,8.08,15.59,0
22.4,32.51,1,2.46,1.15,0
31.62,60.2,4,1.92,2.19,0
25.49,48.48,5,10.36,16.43,0
34.29,26.5,4,12.83,14.59,0
26.96,45.81,7,0.87,14.02,0
15.54,44.47,6,10.99,3.38,0
37.15,94.36,2,3.63,13.14,0
15.66,29.42,3,9.66,11.77,0
39.52,72.28,1,0.75,9.58,1
31.4,22.11,5,2.26,18.95,0
15.73,55.63,1,7.4,17.08,0
39.09,46.31,4,2.83,7.7,0
17.07,44.59,3,6.75,9.3,1
23.47,80.99,5,10.85,19.46,0
42.63,63.84,6,15.27,18.06,0
41.78,67.1,5,3.6,4.03,1
28.73,63.56,1,5.29,18.02,1
21.99,44.77,4,12.9,16.51,0
36.79,21.9,7,7.84,3.4,0
42.63,26.53,1,2.83,5.98,0
17.45,50.41,7,0.35,5.12,0
17.07,56.01,5,9.02,13.15,0
44.82,80.01,3,8.67,8.36,1
41.76,37.61,2,6.92,16.96,0
35.92,31.97,5,4.14,5.83,0
21.66,81.72,4,13.86,13.86,0
17.22,27.94,1,9.66,14.44,1
19.97,33.93,5,12.09,6.88,1
32.23,47.94,3,1.15,2.88,1
28.57,92.82,1,0.66,5.8,1
39.48,48.62,6,7.03,6.42,0
21.57,55.08,6,9.57,17.09,0
29.5,36.89,4,3.39,2.89,0
40.63,23.84,2,12.84,9.37,0
22.57,34.4,1,13.95,11.4,0
16.81,58.72,2,8.33,1.93,1
38.41,51.17,6,7.71,18.27,0
17.09,62.41,2,4.46,2.52,0
24.57,78.35,7,5.96,15.09,1
24.81,75.62,4,6.19,8.97,1
18.48,34.62,3,11.38,4.2,0
42.29,92.5,7,9.6,11.79,0
44.74,67.16,5,4.54,5.82,0
17.08,76.35,4,4.0,17.99,0
22.97,30.75,6,12.48,16.94,0
27.86,47.12,3,4.98,13.57,1
36.23,47.24,5,14.89,5.7,0
33.06,81.98,6,6.24,13.02,0
16.98,30.17,6,1.42,5.72,0
41.05,81.54,4,11.38,5.3,1
31.48,61.13,6,12.44,6.08,0
36.92,84.4,4,5.9,14.08,0
20.84,66.52,6,6.59,4.91,0
16.87,89.97,2,8.23,4.77,0
39.18,28.44,1,5.43,13.96,0
38.55,83.64,6,14.68,10.6,1
33.45,35.32,4,5.63,17.98,0
36.72,60.0,5,13.09,6.11,0
22.53,89.2,3,15.76,16.07,0
20.61,21.44,2,13.32,17.1,0
15.8,48.43,7,12.14,6.83,1
36.92,39.42,4,7.32,11.7,0
25.91,59.11,1,8.2,9.54,0
32.79,47.91,5,4.72,6.29,0
38.96,43.27,7,2.55,6.63,0
40.88,76.85,7,10.02,8.21,1
22.51,77.96,4,13.62,2.79,0
37.36,32.8,2,7.18,3.64,0
36.94,25.98,7,11.77,3.41,0
33.24,50.37,2,12.32,14.8,0
37.65,26.17,4,14.17,5.67,0
42.89,73.55,2,6.99,4.5,0
44.99,79.87,2,10.68,19.29,0
22.96,32.43,2,0.77,1.06,1
37.23,33.93,4,10.71,18.11,0
24.42,71.1,1,5.92,14.24,0
27.15,93.17,4,11.41,14.67,1
35.01,89.18,4,13.35,15.0,0
16.53,58.28,7,7.51,18.32,0
21.47,51.19,3,9.95,16.91,1
44.28,46.59,2,6.12,10.71,1
17.56,92.84,1,15.45,3.33,1
33.99,44.51,2,1.4,3.92,0
44.98,70.66,3,0.76,11.52,0
19.11,69.63,3,0.13,17.94,1
31.81,52.65,3,8.16,14.95,0
28.51,58.29,2,4.02,2.27,1
20.6,21.03,2,0.57,19.27,0
41.72,31.59,3,13.49,7.86,1
39.53,48.66,3,1.1,13.06,0
32.96,66.87,5,10.24,7.95,1
36.21,64.83,5,6.27,10.67,0
39.05,84.95,1,11.6,5.03,0
41.06,70.08,3,3.58,11.81,0
19.68,82.46,3,6.52,7.25,0
18.94,38.82,6,10.21,3.61,0
19.2,80.41,2,12.96,1.43,0
41.76,27.9,2,2.32,18.32,0
27.53,38.98,1,12.35,8.3,1
42.45,60.57,2,16.0,8.75,0
17.13,45.73,6,13.36,18.76,0
39.77,58.58,7,2.46,3.94,1
30.31,73.07,4,6.65,6.91,1
23.55,76.24,6,13.46,2.81,1
30.57,87.27,6,9.86,19.36,0
40.61,21.27,5,12.64,14.35,0
19.1,72.75,3,10.53,13.51,0
23.86,78.61,1,13.68,11.07,0
36.89,77.73,5,8.03,16.05,1
16.88,54.45,2,15.58,7.25,0
43.22,53.5,2,1.75,5.32,1
40.33,94.02,7,6.34,9.19,0
41.13,26.01,5,12.72,14.4,0
18.21,58.86,4,5.71,11.86,0
26.11,36.37,4,5.37,12.22,0
36.07,92.15,6,3.24,3.14,0
17.2,79.72,3,6.01,15.75,0
23.69,67.83,3,14.87,10.64,0
40.91,69.67,2,13.62,6.82,0
23.61,27.25,6,5.7,17.14,0
41.41,38.12,4,11.03,12.91,1
32.31,38.4,4,12.64,18.21,0
19.23,21.13,5,4.61,10.15,0
22.97,27.76,2,11.93,6.26,0
21.15,56.38,4,0.53,9.17,0
35.12,77.4,1,10.09,12.06,0
40.49,39.23,1,11.46,19.68,0
27.81,65.5,7,3.79,8.63,1
30.82,21.2,1,0.11,11.21,0
35.57,32.14,5,8.79,5.68,0
28.88,71.97,5,11.46,7.77,0
22.78,29.26,3,10.56,19.76,0
33.7,25.1,3,7.51,11.52,1
32.66,65.73,7,6.84,10.52,0
41.12,58.85,7,12.21,19.56,0
32.53,63.74,6,10.94,10.74,0
17.63,48.75,5,7.09,19.13,0
26.03,63.48,3,12.95,8.69,1
25.46,39.5,3,15.27,14.01,0
33.17,87.17,5,15.85,3.79,1
38.61,45.3,7,10.2,7.15,0
37.91,70.33,5,15.66,14.28,0
18.83,70.83,6,8.75,5.79,0
40.86,49.77,6,4.51,12.24,0
16.11,70.35,7,9.88,4.08,1
15.59,91.86,7,5.87,14.31,0
34.51,24.09,2,4.92,13.18,0
17.9,32.6,4,1.32,2.23,0
43.24,90.43,5,15.22,2.16,0
35.04,65.78,6,12.6,5.56,0
30.43,68.13,6,12.89,15.29,0
41.73,72.47,5,5.28,14.03,1
29.06,31.05,6,5.25,10.54,0
40.25,89.65,4,11.96,3.23,1
42.66,92.64,7,7.52,10.42,0
23.08,41.86,4,12.2,13.42,0
31.22,61.93,6,4.35,17.95,1
36.21,53.68,1,12.58,7.6,1
22.26,50.11,4,10.88,16.92,0
34.99,24.28,5,3.22,9.49,0
33.55,38.73,4,9.21,18.42,1
35.07,69.37,3,13.16,12.15,1
33.54,32.2,1,15.23,19.38,0
15.64,35.11,1,9.45,9.5,1
40.66,88.12,1,11.29,11.25,0
30.6,45.99,2,14.98,15.06,0
27.31,74.26,1,8.66,8.75,0
43.5,36.97,6,5.18,9.54,0
23.01,88.88,6,7.27,12.9,0
31.61,54.52,4,4.12,9.93,0
18.84,48.3,1,5.41,10.98,1
22.24,58.17,7,13.36,15.38,1
44.07,51.98,5,12.15,7.51,0
25.04,91.79,2,0.33,5.8,1
40.26,27.57,3,0.79,13.75,1
34.17,33.43,1,2.72,4.97,0
23.29,86.81,5,6.76,18.63,0
17.66,40.9,2,0.95,13.16,0
28.46,62.29,7,6.47,17.57,0
42.4,94.66,7,14.04,2.66,1
26.66,42.3,2,11.99,13.69,0
34.08,71.5,3,11.14,7.59,1
41.9,23.72,5,11.25,12.36,1
37.82,49.93,5,8.1,6.72,0
22.38,82.94,6,9.39,8.23,0
22.4,71.29,1,3.65,8.32,0
41.7,53.85,7,10.04,15.35,0
22.18,89.05,1,4.21,7.05,0
32.26,69.46,2,4.52,16.11,1
17.57,83.35,2,6.31,5.13,0
39.15,46.37,2,8.18,2.32,0
37.54,25.13,5,2.25,8.73,1
29.81,89.52,1,9.27,17.8,0
19.55,28.99,3,10.83,8.74,0
28.51,55.56,7,2.75,19.34,1
28.01,81.54,4,12.49,18.5,1
16.03,28.5,7,9.64,10.47,0
40.67,22.58,7,8.84,3.68,0
33.19,70.77,4,1.73,9.84,0
27.12,46.66,2,15.75,2.12,1
42.45,53.68,2,12.24,4.39,1
17.24,38.82,7,4.59,7.85,1
31.27,68.21,4,7.14,10.3,0
38.95,37.87,6,15.45,3.43,1
16.44,51.45,2,2.16,14.21,0
36.09,75.34,4,13.38,2.98,0
42.96,59.92,3,7.23,18.69,0
24.16,49.1,5,15.5,9.08,0
41.46,45.75,4,10.89,15.94,0
41.82,52.25,3,14.53,11.27,0
33.19,80.68,5,2.89,7.95,1
16.02,37.25,5,4.51,16.3,0
29.46,27.25,3,12.02,4.68,0
40.06,56.83,1,11.95,9.28,0
43.91,85.29,7,14.37,18.6,0
36.58,29.91,2,8.28,19.87,0
42.0,44.16,6,5.02,14.01,0
44.58,80.33,3,7.86,18.14,0
23.3,62.87,7,10.56,10.06,0
39.65,85.99,2,5.86,18.7,0
29.95,81.08,5,10.62,12.6,0
21.91,50.47,1,4.85,13.8,0
25.06,43.23,2,10.3,8.6,1
17.52,73.05,7,3.87,16.43,1
44.01,24.22,1,5.74,19.23,0
42.8,56.7,4,1.49,5.25,0
31.39,30.73,4,2.13,15.36,0
21.76,62.71,5,2.32,11.33,0
41.61,77.26,1,10.58,15.9,1
22.45,59.86,7,12.51,15.89,0
37.52,22.92,6,15.27,19.42,0
36.67,37.57,6,2.74,5.95,1
30.33,64.83,7,12.81,6.33,1
19.0,61.3,7,3.31,14.93,0
36.07,62.05,7,7.16,6.7,1
18.32,61.0,3,2.19,13.84,1
44.37,93.85,4,13.16,10.53,1
39.66,64.76,3,14.33,9.24,0
30.74,28.37,2,7.53,19.64,1
40.59,67.36,6,2.06,8.2,0
18.32,93.72,1,15.17,8.14,0
21.5,77.0,5,12.72,17.87,0
36.31,63.63,3,5.38,3.23,1
16.96,27.96,1,14.94,6.23,1
23.11,38.24,6,5.34,1.73,1
27.5,48.19,7,14.93,5.8,0
17.27,54.17,7,4.64,2.25,0
26.29,64.49,6,15.0,10.47,1
38.47,85.97,1,7.35,16.64,0
39.92,45.5,4,0.74,16.36,0
34.37,49.59,3,10.0,10.11,0
24.49,51.6,4,4.64,9.73,0
31.31,45.08,3,11.72,9.23,0
15.16,56.29,7,4.65,16.7,0
15.19,43.62,1,8.74,3.26,1
24.93,35.2,7,10.89,1.35,1
23.68,53.35,2,4.92,9.76,1
26.82,50.21,6,8.74,9.07,0
21.12,38.06,4,2.44,15.77,0
18.49,70.33,5,9.83,11.48,0
22.85,49.52,7,0.28,15.79,0
44.79,80.21,2,2.16,16.85,0
39.32,48.92,2,5.19,16.86,0
24.6,76.11,7,12.7,3.18,0
37.05,22.53,6,3.96,19.86,0
22.05,21.27,3,0.52,16.37,0
36.36,88.16,1,0.55,11.09,0
38.86,84.61,5,6.34,1.98,0
20.26,64.0,6,4.34,13.46,0
38.08,24.96,4,5.7,2.01,0
41.06,70.67,2,0.43,7.26,0
39.86,64.93,2,11.99,4.12,0
21.3,65.96,7,5.03,4.57,0
35.22,79.89,4,2.87,9.47,0
18.92,44.7,5,8.32,7.94,0
24.31,51.11,6,11.0,14.21,0
26.03,21.43,5,14.22,10.13,1
31.81,89.71,3,9.28,13.72,0
35.49,69.65,7,3.68,15.61,0
34.32,60.84,1,1.11,17.9,0
37.21,30.91,5,14.82,19.83,0
25.59,64.13,1,7.63,7.82,0
29.9,71.19,3,3.08,3.19,0
25.12,30.82,7,4.59,8.8,0
36.24,23.89,3,14.85,17.17,0
38.66,79.55,7,4.33,8.63,0
42.84,22.99,5,14.92,19.84,0
22.64,41.12,4,6.71,14.2,0
31.7,30.71,1,1.35,8.4,1
34.86,85.66,5,8.48,2.74,1
39.21,70.01,5,14.57,7.05,1
26.73,42.75,7,0.29,10.43,0
27.76,94.27,6,5.73,3.33,1
18.42,66.29,7,5.46,16.76,0
24.34,38.57,6,15.33,14.01,0
27.59,63.73,6,12.09,18.4,0
28.21,66.74,2,13.93,17.64,0
26.31,63.34,7,14.59,13.31,0
18.66,33.45,6,10.71,1.58,1
40.85,69.36,7,0.3,15.06,1
18.87,24.69,4,15.94,18.11,0
16.87,30.0,2,7.57,6.27,1
20.43,49.0,1,13.66,2.32,0
41.36,68.73,6,3.82,16.73,0
32.89,40.3,1,12.17,17.96,1
17.83,39.85,6,13.61,3.0,0
19.82,32.05,3,1.07,1.35,0
32.57,48.71,2,1.11,19.31,0
23.91,23.02,6,14.11,15.22,0
36.76,91.85,5,5.83,13.1,0
35.89,94.13,6,11.97,1.7,0
15.36,21.44,1,8.38,5.51,1
27.93,42.25,5,12.84,18.72,0
38.67,27.64,7,14.67,18.84,0
33.99,79.9,4,12.25,9.48,0
21.02,94.83,3,9.72,17.59,1
23.61,23.39,4,4.15,15.26,0
21.36,62.34,5,10.84,4.18,0
36.42,68.08,1,11.42,5.99,1
38.9,48.34,7,12.86,11.38,0
31.49,93.71,1,14.35,4.39,0
18.52,45.45,1,2.99,12.75,0
16.5,68.92,4,8.15,8.68,0
18.48,90.86,1,3.25,4.73,0
33.95,53.31,3,6.86,9.4,0
41.1,38.96,6,15.5,4.8,1
40.84,78.14,1,13.49,18.11,1
36.11,42.49,3,12.59,7.97,1
29.81,60.99,1,13.27,19.7,0
24.5,28.0,2,11.54,12.67,0
25.13,60.82,1,14.6,19.6,1
39.74,45.7,2,15.91,8.74,0
30.77,36.7,6,6.52,6.44,0
34.0,71.6,7,8.86,17.85,1
26.95,44.61,6,11.75,15.13,0
33.31,34.9,6,3.02,2.56,1
35.81,67.83,2,1.73,10.84,0
35.54,87.3,2,14.86,6.43,0
40.7,56.29,3,9.56,10.15,1
25.38,47.9,5,8.9,1.87,0
43.7,28.95,3,10.36,13.17,0
34.09,33.98,5,6.79,17.4,0
34.7,85.85,1,12.35,7.65,0
35.04,74.86,2,5.91,16.93,0
37.13,83.07,2,9.52,9.78,1
24.76,28.21,7,11.1,11.97,1
39.67,42.37,4,8.42,5.95,0
21.78,68.55,1,0.95,9.45,0
29.89,81.92,4,1.66,6.41,0
28.45,85.08,3,9.72,5.76,0
32.61,82.07,5,13.81,5.82,1
30.36,31.96,2,15.12,5.45,0
35.53,25.06,7,8.31,6.41,0
41.0,54.15,2,7.19,12.26,0
27.36,66.7,1,13.94,8.03,0
18.59,53.77,6,15.85,2.21,1
42.63,23.36,1,7.39,15.4,0
38.11,55.89,4,13.79,14.04,0
33.74,24.13,7,12.9,13.32,1
44.05,32.57,6,12.58,12.89,0
37.58,20.97,4,11.46,9.63,0
44.28,80.73,1,15.75,4.74,1
24.76,32.4,4,5.19,6.64,0
33.4,45.15,2,9.31,6.64,0
25.38,40.29,7,12.23,12.12,0
44.59,75.31,2,5.87,6.58,0
27.21,39.31,3,14.82,6.47,0
37.65,30.95,7,2.49,10.4,1
44.09,27.35,4,3.01,9.19,1
42.81,21.69,4,12.76,1.63,1
26.14,53.41,4,7.82,16.66,0
38.5,51.72,2,6.22,10.34,1
22.16,66.06,3,9.35,4.09,0
36.27,32.89,7,12.12,7.13,0
35.41,57.36,1,1.72,14.04,0
16.18,51.16,7,11.03,7.04,1
23.45,75.68,6,14.37,11.51,0
41.76,88.33,6,15.97,15.83,1
17.43,23.54,1,11.52,3.28,0
44.07,41.34,5,12.88,17.79,1
32.02,36.05,3,15.83,19.18,1
42.43,30.16,1,0.41,2.46,1
18.51,87.17,7,1.62,13.98,1
20.86,49.33,2,5.53,7.65,1
34.96,53.5,5,4.96,15.4,1
31.58,54.47,6,11.65,19.61,0
19.76,60.52,5,3.59,10.01,0
29.29,68.47,6,10.68,15.2,1
24.07,34.93,3,12.97,6.68,0
44.91,24.28,2,11.54,15.01,0
37.13,27.71,5,12.99,6.8,1
19.26,33.8,1,11.4,11.58,0
38.05,77.4,2,4.46,4.04,1
30.22,27.12,6,14.63,9.95,0
21.82,62.55,5,14.83,17.99,0
31.0,20.74,4,3.0,9.19,0
39.0,86.46,7,0.02,18.53,0
24.03,60.37,1,14.11,11.58,0
23.9,21.47,6,4.39,8.25,0
17.01,51.33,5,1.27,7.53,0
43.95,25.92,1,4.26,3.48,0
28.1,73.86,3,2.94,13.13,0
41.32,79.46,6,12.88,5.8,0
36.87,84.96,6,4.22,9.23,1
42.92,94.71,4,2.01,9.87,0
29.63,25.65,2,4.87,8.87,0
15.37,50.0,7,10.83,18.13,1
20.7,32.28,3,5.28,10.67,0
40.75,81.91,1,12.58,17.35,0
18.95,69.99,4,11.93,12.14,0
39.83,58.91,4,11.2,4.99,0
16.06,43.08,1,14.74,17.61,0
29.22,68.36,7,15.77,15.0,1
44.51,92.47,1,15.68,19.98,1
20.02,30.76,1,7.33,16.6,1
18.64,41.67,5,10.73,11.2,0
34.32,31.76,1,12.76,17.4,1
15.04,89.49,3,11.43,12.58,0
39.64,26.19,3,0.19,19.54,0
16.3,70.17,6,2.86,15.07,1
24.14,52.4,5,13.05,7.11,0
21.32,67.92,2,8.1,1.19,0
24.43,77.48,4,2.47,13.42,0
22.96,50.83,3,2.89,11.58,0
16.54,61.24,2,0.19,17.43,1
20.04,70.62,6,9.75,15.82,0
40.86,72.34,7,12.77,17.03,1
22.19,47.62,1,7.09,3.29,1
39.0,65.74,5,3.9,18.78,0
44.47,41.08,6,12.27,12.66,1
21.05,32.21,6,4.16,13.03,0
43.52,21.68,7,13.42,18.14,0
34.42,59.1,2,12.12,4.34,0
36.26,32.66,7,1.11,10.45,1
42.6,26.35,5,13.07,9.59,0
16.83,61.76,1,6.86,14.09,1
34.0,34.95,1,6.48,19.42,0
24.86,69.08,6,7.6,19.03,0
35.7,71.19,2,11.1,7.65,0
16.27,41.1,7,9.6,11.39,0
29.17,38.98,4,6.1,13.5,0
28.92,82.81,6,5.24,8.25,0
25.05,71.83,3,15.42,17.12,0
37.68,29.0,3,9.67,13.36,0
44.1,41.57,4,6.74,14.9,0
28.21,25.45,1,7.29,14.36,0
32.35,54.97,4,11.77,12.17,1
22.16,29.45,6,5.11,19.53,0
32.47,85.46,1,11.0,14.88,0
44.1,85.57,6,10.5,7.16,0
42.24,27.51,2,8.92,18.82,0
38.78,42.46,2,5.16,3.36,0
38.19,32.66,1,5.54,15.65,0
33.72,30.36,2,14.96,19.73,0
43.68,38.12,7,13.88,19.14,0
33.1,93.69,3,9.23,13.12,1
29.61,20.8,6,0.18,6.77,1
37.5,28.73,4,7.81,12.28,0
40.75,52.59,1,8.35,18.44,0
21.15,81.84,7,5.27,17.25,0
32.51,84.72,1,14.82,1.73,0
26.91,60.17,6,11.99,16.42,0
28.84,61.67,4,1.19,16.61,0
16.22,76.25,6,1.8,15.24,0
15.79,90.35,7,5.01,6.67,0
44.63,81.94,4,11.79,4.6,0
42.76,39.49,6,2.45,10.44,0
29.31,67.23,1,2.02,13.75,0
43.8,81.2,7,3.58,19.5,0
42.05,34.03,3,3.36,12.91,0
41.85,48.27,4,1.52,6.91,0
37.7,61.46,3,10.54,14.14,0
15.8,72.21,3,11.45,19.35,1
20.75,83.87,6,6.27,5.81,0
31.43,29.33,7,5.89,8.16,0
22.04,91.43,2,8.97,18.26,0
30.6,80.29,5,9.55,4.95,0
36.17,62.84,5,3.38,8.12,0
38.83,42.81,4,7.37,2.54,1
19.03,63.3,1,5.55,6.17,1
33.94,58.45,1,9.27,4.26,0
23.23,68.07,1,5.03,5.96,1
34.03,73.14,3,15.35,8.25,0
16.41,51.47,1,8.73,19.85,0
43.66,81.42,7,8.05,12.05,1
31.22,29.46,5,7.73,6.54,0
22.49,70.98,1,15.08,1.36,0
33.23,55.89,2,8.35,14.59,0
41.71,91.85,6,3.94,14.94,0
42.52,45.08,6,11.48,11.2,1
35.85,67.35,4,4.58,8.26,0
29.68,52.07,7,4.76,17.07,0
44.44,64.7,1,7.4,16.48,0
28.77,56.24,2,13.28,6.83,0
32.01,88.03,2,15.87,18.55,0
19.03,83.61,1,11.93,6.53,0
19.91,60.83,1,13.56,17.28,0
23.79,30.98,4,6.78,16.79,0
23.43,23.9,5,1.77,15.47,1
33.61,54.47,1,10.39,17.47,0
25.43,30.09,3,6.72,11.72,0
18.89,73.6,3,10.67,15.05,1
42.98,93.15,3,12.18,1.2,0
30.96,46.34,3,1.57,12.34,1
32.58,54.45,6,11.82,11.83,0
44.76,82.22,4,0.47,1.28,0
43.32,72.29,4,3.42,11.68,0
31.84,45.66,4,13.33,2.62,0
36.25,28.87,2,13.32,12.44,1
44.32,26.63,7,9.59,18.98,0
39.11,75.4,2,13.02,2.14,0
28.88,87.83,3,11.82,7.92,0
28.43,33.11,1,15.34,4.65,0
23.96,38.91,6,4.4,14.61,0
17.68,37.5,3,8.01,2.29,1
34.81,32.66,3,7.43,16.74,0
21.74,48.57,3,13.05,12.64,0
31.18,36.08,3,10.59,16.14,0
23.51,45.53,5,11.03,2.24,0
16.74,69.19,6,15.12,9.66,0
15.3,71.26,5,0.67,18.02,0
17.35,38.62,1,7.34,10.49,0
28.42,56.46,7,15.4,4.52,1
17.08,72.1,1,7.17,9.36,0
25.78,67.13,1,4.96,8.6,0
24.35,51.7,7,9.23,19.56,1
35.84,35.83,2,13.82,12.29,0
36.48,32.62,2,11.79,7.1,1
26.92,74.98,2,14.95,18.92,0
23.2,38.92,7,2.36,8.21,0
17.61,70.97,2,8.96,9.26,0
19.68,62.88,5,0.87,19.04,0
32.35,68.39,4,5.56,16.58,0
41.23,66.13,4,4.47,5.85,0
21.1,76.38,2,10.31,5.18,0
35.39,40.69,6,10.04,14.92,0
25.87,28.9,7,1.05,9.81,0
22.74,29.41,1,5.73,14.93,0
44.85,44.06,1,14.79,4.59,0
33.38,41.56,7,11.89,8.25,0
27.66,37.04,5,10.13,6.14,0
40.94,24.78,3,12.07,8.64,0
40.52,74.67,3,13.19,12.11,0
40.87,86.71,3,7.15,5.29,1
44.09,35.4,3,8.45,13.27,1
41.94,90.39,1,3.23,17.87,0
28.75,69.75,6,1.83,8.41,0
38.24,49.5,3,1.14,1.94,1
20.29,48.85,6,1.85,17.44,0
32.4,45.57,3,0.98,15.95,0
39.96,38.02,6,15.01,1.12,0
35.63,28.55,3,7.23,4.94,1
43.74,92.44,1,7.53,11.74,1
43.1,60.81,2,10.38,15.37,0
37.64,63.25,4,5.3,4.28,0
30.02,67.93,5,0.66,17.15,1
25.3,77.91,3,12.27,6.64,1
23.74,78.78,7,13.99,17.27,0
42.88,70.8,6,5.87,17.78,0
39.25,40.72,5,7.13,14.73,0
15.88,60.11,1,5.13,17.85,0
40.15,32.56,1,0.09,1.37,0
19.18,36.31,7,0.34,13.55,0
41.05,91.01,7,8.89,17.27,0
27.96,91.52,3,4.4,12.04,0
17.98,43.71,4,13.25,11.08,1
22.42,46.65,7,3.27,12.01,0
18.17,51.66,6,3.41,14.32,1
34.83,44.82,5,7.52,7.41,0
42.85,32.88,3,9.38,8.5,0
20.45,80.07,1,13.91,14.24,1
41.05,61.6,5,14.29,10.84,0
19.29,85.78,1,12.69,9.2,1
44.57,53.19,1,9.6,9.97,0
42.68,30.44,6,13.46,13.11,0
26.07,39.74,1,2.62,17.17,0
29.93,85.03,7,9.5,19.48,1
25.38,79.98,6,12.99,4.96,0
25.45,84.67,2,12.75,5.22,1
31.33,94.1,7,15.74,13.82,0
18.29,54.56,3,5.05,13.88,0
23.86,88.19,5,2.49,7.33,1
38.59,22.75,1,14.5,3.29,0
40.82,26.09,7,2.11,10.93,0
15.34,31.24,6,3.59,19.9,0
28.49,78.26,6,8.3,4.28,0
25.03,82.43,5,6.02,4.19,0
26.53,41.69,6,15.87,17.4,0
17.79,43.08,6,4.95,4.05,0
32.77,61.74,4,7.05,16.01,0
23.16,76.44,7,10.78,2.33,0
29.43,39.91,6,15.28,2.67,0
21.19,81.93,7,5.46,1.25,1
25.23,28.28,4,14.34,6.75,0
30.94,94.79,6,12.85,4.68,0
17.66,66.95,5,4.34,1.65,0
27.98,48.15,2,0.41,9.44,0
41.21,42.06,7,5.43,4.71,1
25.71,57.26,1,12.73,4.55,0
32.73,53.61,4,7.93,3.97,0
23.86,21.85,6,15.95,7.7,1
23.62,83.52,2,7.24,2.8,0
39.13,59.65,5,5.84,18.82,1
42.54,48.29,5,8.69,13.27,0
40.34,54.06,3,5.45,7.84,0
24.13,74.95,7,15.35,12.47,0
28.13,68.39,4,1.14,10.42,0
18.41,26.21,5,7.62,11.37,1
34.38,66.13,4,8.61,3.57,1
38.1,88.65,4,8.58,6.93,1
38.56,71.2,3,9.6,1.07,0
26.41,57.22,6,10.15,7.29,1
37.14,22.95,3,2.73,8.9,1
16.79,43.73,3,5.88,16.85,0
31.95,27.74,2,13.72,7.87,0
22.32,86.81,3,9.01,5.61,0
41.39,92.93,1,1.26,10.9,1
15.36,67.62,1,3.5,19.79,0
44.43,94.05,1,9.57,12.05,1
25.07,50.48,1,9.08,2.06,1
30.19,44.95,1,7.76,3.12,1
29.93,57.87,3,12.42,9.18,0
19.39,59.04,7,9.55,3.29,0
33.48,52.06,7,1.82,2.41,0
43.9,32.73,2,15.86,7.19,1
27.56,37.36,5,1.02,1.54,0
40.17,23.74,7,2.05,7.91,0
26.32,35.57,2,13.33,1.36,1
28.37,81.73,1,11.37,17.56,0
34.64,71.7,6,3.3,9.36,1
41.16,91.82,5,14.67,1.63,1
43.1,56.72,6,8.56,13.0,0
26.15,90.93,6,6.02,14.03,1
24.22,88.48,2,8.22,13.81,1
36.38,92.44,6,14.91,14.4,0
15.95,26.05,4,12.33,4.9,1
30.5,74.92,2,14.31,9.04,0
25.65,47.77,3,5.69,18.23,0
26.03,53.29,2,0.25,5.7,0
28.19,51.14,7,0.13,11.38,0
30.57,89.48,4,8.2,15.21,0
34.89,26.32,5,9.88,11.64,0
34.77,85.95,5,9.62,10.11,1
27.38,45.41,7,4.41,4.13,1
19.8,28.24,1,14.55,13.34,0
44.3,42.84,6,4.22,16.94,0
15.76,20.62,6,7.35,5.84,1
17.86,25.3,5,2.73,18.56,0
23.99,75.19,1,11.5,3.62,1
24.51,28.79,2,14.97,14.71,0
30.26,52.55,1,1.13,14.72,1
20.31,93.37,2,1.73,8.66,0
28.31,49.95,6,3.84,16.93,1
38.46,85.48,4,0.8,2.48,1
17.28,54.05,5,8.22,1.74,0
37.42,85.3,5,0.43,14.66,1
15.77,57.91,6,0.84,6.13,0
30.99,63.32,3,0.35,19.67,0
26.41,41.21,3,2.4,5.63,0
39.79,44.5,7,9.52,19.05,0
33.56,39.09,5,10.2,14.61,0
32.15,56.04,1,9.09,3.16,0
34.23,90.65,7,2.06,1.07,1
28.87,52.83,2,4.34,12.65,0
32.31,85.52,2,5.35,8.54,0
27.73,70.81,6,1.73,2.23,0
32.16,20.79,7,8.96,19.24,1
38.69,93.69,4,6.8,16.05,0
17.45,58.95,4,5.69,6.26,1
21.93,57.68,4,14.84,6.05,0
27.68,41.41,5,10.92,18.15,1
29.54,85.56,1,9.73,15.12,0
19.28,63.73,5,10.13,18.99,1
39.21,39.29,4,13.03,5.58,0
33.42,87.9,2,15.69,13.68,0
19.2,51.45,5,0.29,7.02,0
42.82,30.3,5,6.51,18.41,0
21.06,94.44,6,10.25,16.26,1
31.4,49.04,2,7.54,15.53,0
15.79,52.03,6,15.4,8.1,0
35.78,82.57,1,1.34,13.29,0
25.6,88.21,1,4.42,17.58,1
15.6,37.86,4,5.57,3.42,0
32.47,58.33,4,9.71,9.14,0
23.53,69.67,3,6.23,5.33,0
29.43,94.72,5,10.54,14.63,0
38.57,76.2,4,6.8,13.54,0
43.51,22.38,3,6.5,19.77,0
33.39,23.23,7,12.58,6.58,1
18.92,52.29,6,12.68,9.76,0
33.29,87.15,4,0.23,3.2,1
27.41,61.64,4,13.32,15.74,0
36.84,74.61,2,8.1,15.29,0
22.13,33.83,2,11.74,16.34,0
23.11,41.73,1,10.79,11.2,0
38.42,71.35,7,5.1,17.59,0
32.12,88.3,3,7.5,6.18,0
16.25,42.35,7,0.99,8.66,1
41.5,89.58,7,10.75,11.84,0
39.52,46.77,1,12.51,11.23,0
34.75,50.15,5,12.54,10.11,0
30.1,89.53,7,11.39,1.36,1
42.22,72.56,1,14.56,16.03,0
32.4,51.78,6,6.66,14.0,0
41.91,85.72,4,6.92,6.58,0
15.05,31.59,4,4.79,7.97,0
25.81,60.63,2,10.78,19.88,1
37.87,64.71,3,1.77,6.0,0
18.09,25.04,5,11.84,16.5,1
24.54,24.69,5,13.42,8.57,1
19.85,34.54,6,7.57,2.55,0
27.57,42.75,4,15.35,14.53,1
15.17,78.09,2,12.21,14.97,1
35.2,38.05,6,4.97,5.09,0
27.78,89.66,6,2.41,8.98,0
17.05,85.99,2,11.23,11.74,0
37.63,66.09,1,8.46,8.25,0
21.48,34.68,4,6.0,13.65,0
44.01,51.42,2,7.82,17.57,0
35.4,46.74,2,11.07,14.33,1
30.47,65.32,4,10.46,17.42,0
44.52,70.77,6,13.68,8.07,0
31.44,94.16,7,9.5,11.37,0
21.15,69.63,7,15.24,16.36,0
36.53,74.7,6,2.87,19.79,0
36.08,55.21,2,7.02,9.43,1
24.66,88.13,5,14.27,15.86,0
43.52,79.75,1,11.12,19.05,0
34.53,66.25,2,7.94,11.52,0
19.63,89.99,3,12.18,13.83,0
26.98,44.66,4,3.65,5.29,0
18.98,25.95,3,6.44,18.18,0
21.63,30.79,3,7.36,12.63,1
26.26,88.63,5,15.39,5.4,0
16.81,84.62,5,2.46,12.5,1
40.4,45.69,2,7.83,3.49,1
40.54,74.66,4,7.95,11.11,1
27.76,91.42,1,9.51,20.0,0
25.43,43.4,3,14.08,3.28,0
16.71,81.18,1,2.35,2.76,0
22.12,22.62,7,2.57,17.5,0
35.06,37.77,4,12.92,9.52,0
29.75,53.88,6,6.3,8.08,1
20.2,20.4,4,12.7,8.94,0
38.68,64.77,7,10.02,15.3,1
19.19,25.46,2,12.55,14.11,0
28.07,63.17,2,3.3,17.19,1
35.45,92.25,4,12.53,2.51,0
31.79,35.66,2,5.98,11.44,1
26.28,72.98,2,12.05,9.7,0
36.98,40.64,5,4.95,2.86,0
23.62,22.51,5,7.95,7.95,0
23.03,37.65,1,5.33,11.47,1
36.42,55.76,1,1.81,13.84,0
20.01,29.25,2,9.0,7.56,0
32.56,48.66,2,15.37,7.35,0
20.56,69.6,4,5.66,6.93,0
33.58,56.61,7,12.74,12.81,0
21.76,74.57,1,9.2,14.81,1
31.17,33.56,1,3.79,17.72,0
29.91,82.15,5,0.91,12.87,0
29.6,60.58,7,13.72,19.48,0
26.13,38.41,4,2.69,13.81,1
37.77,92.42,2,13.32,17.2,0
33.71,29.88,2,11.76,10.07,0
30.87,71.68,2,0.42,14.43,0
41.16,69.4,1,14.15,1.07,1
28.92,64.53,7,2.83,7.74,0
17.38,37.42,5,8.88,17.29,0
15.0,22.98,3,6.76,13.98,1
29.52,89.28,3,4.24,15.41,0
43.92,83.28,7,11.83,8.3,0
26.46,34.94,1,0.33,8.53,0
24.1,35.32,7,2.63,19.61,1
42.96,43.64,1,8.44,16.54,1
24.64,81.64,5,15.29,11.73,1
33.83,94.4,7,11.28,17.51,1
43.62,35.79,6,1.65,11.83,0
20.21,70.94,3,10.14,3.44,0
17.19,30.18,2,2.67,4.69,0
35.84,66.69,7,4.1,19.96,0
23.84,71.87,1,1.59,3.3,1
29.64,78.35,7,2.7,17.32,0
25.66,86.07,6,12.85,14.58,0
29.81,70.43,2,6.64,7.1,1
35.92,50.85,1,7.69,6.21,1
15.44,51.4,1,9.74,15.55,0
36.35,39.89,3,11.51,13.67,0
28.22,39.15,2,4.7,6.81,0
24.74,35.76,6,6.61,19.42,0
41.2,55.18,1,1.03,10.0,0
16.96,69.46,4,13.31,12.08,0
18.04,84.41,3,15.55,13.89,0
26.16,86.61,4,3.16,1.46,0
42.55,27.02,1,0.32,12.76,0
26.2,49.64,4,2.21,5.64,0
27.87,83.37,7,0.29,19.11,0
31.95,25.26,7,0.69,19.83,1
21.21,46.91,2,10.88,7.83,1
24.57,75.35,7,11.75,19.89,0
30.93,37.47,3,13.08,14.19,0
25.99,75.67,6,14.03,10.55,0
29.17,33.81,4,10.13,16.31,0
17.48,63.05,2,8.0,4.27,0
32.6,57.5,2,10.3,12.36,1
28.79,73.95,1,8.54,10.45,0
36.99,26.04,4,7.48,4.31,1
29.21,46.55,4,9.82,16.54,0
28.78,68.65,6,8.95,19.48,0
27.72,39.48,3,2.6,8.66,0
21.46,53.31,1,11.55,7.63,0
32.41,72.8,4,7.39,11.67,0
24.29,94.79,7,15.66,9.12,0
34.23,87.38,6,4.6,7.61,0
31.35,45.11,7,2.51,2.82,0
34.26,61.5,6,12.3,11.18,1
16.0,30.03,6,3.52,8.51,0
39.66,63.26,6,4.89,15.54,0
34.02,90.49,4,14.5,18.49,1
36.49,32.32,4,2.27,6.14,0
39.43,26.63,5,2.15,5.02,0
28.69,45.12,6,11.19,11.74,0
35.18,37.4,2,12.65,18.86,1
43.89,30.38,6,4.89,8.61,0
27.38,87.34,6,6.85,13.05,0
23.94,62.96,2,9.96,13.85,1
25.55,86.8,1,5.42,11.06,1
25.05,61.17,6,14.64,6.22,0
35.05,65.76,6,8.88,6.03,1
30.57,43.21,2,9.01,13.11,0
44.44,23.96,1,8.28,15.49,1
35.92,73.41,3,7.23,14.81,0
42.27,53.14,5,11.96,7.59,0
39.1,82.73,3,10.68,16.01,0
23.43,68.64,4,14.92,10.38,1
39.19,57.68,4,0.56,12.67,0
43.89,50.2,2,8.05,9.75,0
23.32,86.07,4,7.48,3.28,0
23.46,72.42,2,5.12,11.2,0
32.8,20.55,6,14.85,1.6,0
37.32,41.6,5,2.49,11.93,0
33.21,92.89,1,1.99,18.5,1
32.59,25.04,1,1.86,19.03,1
26.53,52.18,3,8.15,13.73,1
15.81,61.78,7,10.49,16.42,0
36.11,76.9,2,14.59,17.45,0
22.26,25.05,1,6.64,17.44,0
25.64,32.11,7,14.64,11.97,0
20.42,86.46,6,12.9,8.74,1
18.15,63.63,2,10.28,14.01,0
29.78,32.55,5,10.41,12.83,1
30.57,63.32,3,1.52,2.81,0
26.84,91.92,7,9.86,6.69,0
17.75,53.16,1,8.1,1.3,0
39.08,38.18,6,8.37,3.66,0
17.52,57.73,3,7.15,2.14,0
33.97,21.64,7,6.97,16.84,1
31.4,68.42,3,10.7,19.66,0
19.97,30.96,3,9.6,14.08,0
25.27,29.42,1,0.54,16.28,1
25.1,43.82,5,2.66,12.3,1
30.57,64.95,1,5.09,3.43,0
22.79,20.08,1,2.02,7.87,0
37.23,38.35,5,8.81,16.81,1
23.92,38.04,5,7.17,17.7,0
19.09,92.42,1,12.66,6.92,0
42.99,76.17,1,8.24,12.46,0
39.88,26.24,6,4.86,17.78,0
43.97,40.84,4,2.06,5.97,0
19.5,89.87,7,12.79,14.1,0
30.68,28.44,3,12.47,19.42,0
38.93,64.53,7,7.7,19.34,1
22.08,33.9,7,14.89,6.5,0
40.75,89.94,7,15.19,7.44,0
33.95,59.26,1,14.94,13.75,0
22.4,81.59,3,4.81,13.38,1
24.65,33.05,5,13.11,1.85,0
31.84,64.38,3,1.27,13.73,0
43.62,52.17,4,14.08,4.09,1
30.38,89.2,4,4.11,14.92,0
29.58,72.12,3,4.15,5.82,1
20.07,30.59,5,6.1,14.89,0
26.68,75.47,5,2.84,16.51,0
18.14,31.36,2,10.55,5.27,0
36.8,49.53,5,4.98,11.73,0
39.33,80.06,5,5.2,4.78,0
19.94,89.04,5,0.84,1.35,0
32.81,56.54,1,5.79,1.33,0
39.09,62.91,3,2.23,3.53,1
20.58,56.59,1,0.29,3.0,0
29.4,24.61,2,7.29,11.88,0
38.51,88.31,3,13.6,19.74,1
19.09,24.27,2,2.26,5.65,1
43.28,70.78,6,0.02,13.3,1
22.26,79.2,2,0.71,6.7,0
34.84,25.84,6,15.46,9.83,1
22.87,87.82,5,0.39,4.29,0
19.41,93.5,6,0.27,14.94,0
36.24,59.65,5,10.51,11.32,0
17.31,40.63,4,7.95,8.95,0
27.53,66.9,2,7.74,13.79,0
30.83,82.86,1,0.32,15.14,0
30.68,27.44,5,7.96,3.17,0
31.31,50.84,3,8.52,8.46,1
39.08,78.76,3,6.67,15.51,0
19.18,52.46,3,8.26,15.88,0
18.56,68.65,2,14.56,12.27,0
18.08,29.99,1,5.2,14.15,0
39.71,24.12,2,8.31,11.4,0
26.49,85.13,5,3.54,17.8,1
21.62,81.51,2,6.73,15.12,0
23.65,24.81,7,13.52,13.78,0
42.55,84.78,3,4.96,18.86,0
15.23,50.55,1,1.58,5.36,0
20.01,62.69,6,8.67,1.35,1
39.64,28.74,7,0.57,17.89,1
40.86,49.48,7,2.89,11.12,0
27.52,80.38,6,3.66,3.51,1
24.09,63.94,5,13.56,11.32,0
41.71,48.27,7,14.46,16.25,0
31.33,61.51,5,2.45,10.11,0
25.68,66.54,2,12.89,6.91,1
44.05,72.66,1,12.38,17.04,0
23.57,54.14,5,0.03,13.04,1
24.75,77.68,7,11.43,2.37,0
44.77,76.39,2,4.73,19.15,0
20.3,54.9,7,9.69,6.7,0
36.7,40.4,2,2.97,12.9,1
39.02,49.72,5,12.17,3.19,1
38.27,81.1,7,4.29,3.43,0
